Year,location,commodity,category,price_per_kg
2025,Bagerhat,Broiler chicken,Chicken,170.69
2025,Bagerhat,Grass carp,Fish,215.0
2025,Bagerhat,Hilsha (500-900) gm,Fish,1139.14
2025,Bagerhat,Katla-Medium (2.50-4.50 kg),Fish,325.0
2025,Bagerhat,Katla-Small (1.50-2.00 kg),Fish,260.0
2025,Bagerhat,Mregal-small,Fish,225.0
2025,Bagerhat,Pangash (big),Fish,192.52
2025,Bagerhat,Rice-Boro-Fine,Rice,75.0
2025,Bagerhat,Rice-Boro-Medium,Rice,59.19
2025,Bagerhat,Ricel-Boro-Mota,Rice,50.69
2025,Bagerhat,Ruhi (Local) - medium (2.50-4.50 kg),Fish,325.0
2025,Bagerhat,Ruhi (Local) - small (1.50-2.00 kg),Fish,260.0
2025,Bagerhat,Shrimp-small,Fish,560.95
2025,Bagerhat,Silver Carp,Fish,210.0
2025,Bagerhat,Sonali Chicken,Chicken,292.88
2025,Bagerhat,Telapia/Nilotica,Fish,162.37
2025,Bandarban,Broiler chicken,Chicken,162.11
2025,Bandarban,Chinigura Rice,Rice,130.0
2025,Bandarban,Hilsha (500-900) gm,Fish,1794.12
2025,Bandarban,Katla-Small (1.50-2.00 kg),Fish,320.0
2025,Bandarban,Local Hen - Medium (700-850 gm),Chicken,550.51
2025,Bandarban,Pangash (big),Fish,175.0
2025,Bandarban,Rice - Aman - Coarse,Rice,48.5
2025,Bandarban,Rice - Aman - Medium,Rice,64.0
2025,Bandarban,Rice - Atap,Rice,61.0
2025,Bandarban,Rice-Boro-Fine,Rice,77.47
2025,Bandarban,Rice-Boro-Medium,Rice,62.56
2025,Bandarban,Ricel-Boro-Mota,Rice,50.94
2025,Bandarban,Ruhi (Local) - small (1.50-2.00 kg),Fish,365.0
2025,Bandarban,Shrimp-small,Fish,625.0
2025,Bandarban,Silver Carp,Fish,215.0
2025,Bandarban,Sonali Chicken,Chicken,272.26
2025,Bandarban,Telapia/Nilotica,Fish,226.76
2025,Barguna,Broiler Farm,Chicken,156.53
2025,Barguna,Chinigura Rice,Rice,103.38
2025,Barguna,Hilsha (500-900) gm,Fish,1639.62
2025,Barguna,Katla-Medium (2.50-4.50 kg),Fish,288.64
2025,Barguna,Katla-Small (1.50-2.00 kg),Fish,245.91
2025,Barguna,Pangash (big),Fish,154.65
2025,Barguna,Pangash (small),Fish,190.05
2025,Barguna,Rice - Aman - Coarse,Rice,54.06
2025,Barguna,Rice - Aman - Medium,Rice,60.33
2025,Barguna,Rice - Aman-Fine,Rice,70.87
2025,Barguna,Ruhi (Imported) medium (2.50-4.50 kg),Fish,393.73
2025,Barguna,Ruhi (Local) - small (1.50-2.00 kg),Fish,293.51
2025,Barguna,Sonali Chicken,Chicken,282.79
2025,Barisal,Chinigura Rice,Rice,135.06
2025,Barisal,Farm-raised Hen,Chicken,153.61
2025,Barisal,Katla-Medium (2.50-4.50 kg),Fish,418.8
2025,Barisal,Katla-Small (1.50-2.00 kg),Fish,303.8
2025,Barisal,Pangash (small),Fish,213.5
2025,Barisal,Rice - Aman - Coarse,Rice,61.49
2025,Barisal,Rice - Aman - Medium,Rice,67.61
2025,Barisal,Rice - Boro - Hybrid - Coarse,Rice,58.71
2025,Barisal,Rice - Boro - Hybrid - Medium,Rice,68.18
2025,Barisal,Rice-Boro-Hybrid -Fine,Rice,82.65
2025,Barisal,Ruhi (Imported) medium (2.50-4.50 kg),Fish,393.8
2025,Barisal,Ruhi (Local) - small (1.50-2.00 kg),Fish,293.8
2025,Barisal,Telapia/Nilotica,Fish,193.8
2025,Bhola,Farm-raised Hen,Chicken,155.16
2025,Bhola,Hilsha (500-900) gm,Fish,1548.33
2025,Bhola,Rice - Aman - Coarse,Rice,53.19
2025,Bhola,Rice - Aman - Medium,Rice,60.15
2025,Bhola,Rice - Aman-Fine,Rice,73.86
2025,Bhola,Rice - Boro - Hybrid - Coarse,Rice,47.5
2025,Bhola,Rice-Boro-Fine,Rice,72.0
2025,Bhola,Rice-Boro-Medium,Rice,56.0
2025,Bhola,Ricel-Boro-Mota,Rice,52.5
2025,Bhola,Ruhi (Local) - small (1.50-2.00 kg),Fish,323.57
2025,Bhola,Shrimp-small,Fish,726.79
2025,Bhola,Telapia/Nilotica,Fish,222.5
2025,Bogura,Broiler chicken,Chicken,158.01
2025,Bogura,Katla-Big (above 5 Kg),Fish,440.0
2025,Bogura,Katla-Medium (2.50-4.50 kg),Fish,370.0
2025,Bogura,Katla-Small (1.50-2.00 kg),Fish,290.0
2025,Bogura,Local Hen - Big (above 900 gm),Chicken,553.82
2025,Bogura,Mregal-small,Fish,210.0
2025,Bogura,Pangash (big),Fish,195.0
2025,Bogura,Rice - Aman - Coarse,Rice,51.0
2025,Bogura,Rice - Aman - Medium,Rice,64.78
2025,Bogura,Rice - Aman-Fine,Rice,77.34
2025,Bogura,Rice-Boro-Hybrid -Fine,Rice,77.1
2025,Bogura,Rice-Boro-Medium,Rice,62.5
2025,Bogura,Ricel-Boro-Mota,Rice,51.0
2025,Bogura,Ruhi (Imported) medium (2.50-4.50 kg),Fish,400.0
2025,Bogura,Ruhi (Imported) small (1.50-2.00 kg),Fish,320.0
2025,Bogura,Silver Carp,Fish,215.0
2025,Bogura,Telapia/Nilotica,Fish,200.0
2025,Brahmanbaria,Farm-raised Hen,Chicken,155.45
2025,Brahmanbaria,Katla-Medium (2.50-4.50 kg),Fish,409.74
2025,Brahmanbaria,Local Hen - Big (above 900 gm),Chicken,596.04
2025,Brahmanbaria,Pangash (big),Fish,169.29
2025,Brahmanbaria,Rice - Aman - Medium,Rice,59.83
2025,Brahmanbaria,Rice - Boro - Hybrid - Medium,Rice,61.27
2025,Brahmanbaria,Rice-Boro-Hybrid -Fine,Rice,76.62
2025,Brahmanbaria,Ruhi (Local) - medium (2.50-4.50 kg),Fish,381.51
2025,Brahmanbaria,Sonali Chicken,Chicken,289.27
2025,Brahmanbaria,Telapia/Nilotica,Fish,198.21
2025,Chandpur,Broiler chicken,Chicken,155.7
2025,Chandpur,Chinigura Rice,Rice,127.5
2025,Chandpur,Hilsha (500-900) gm,Fish,1811.38
2025,Chandpur,Katla-Small (1.50-2.00 kg),Fish,325.0
2025,Chandpur,Pangash (big),Fish,185.07
2025,Chandpur,Rice - Amon - Hybrid - Narrow,Rice,74.5
2025,Chandpur,Rice - Boro - Hybrid - Coarse,Rice,54.05
2025,Chandpur,Rice - Boro - Hybrid - Medium,Rice,61.85
2025,Chandpur,Rice-Boro-Hybrid -Fine,Rice,74.08
2025,Chandpur,Ruhi (Local) - small (1.50-2.00 kg),Fish,335.0
2025,Chandpur,Sonali Chicken,Chicken,269.32
2025,Chapainawabganj,Broiler chicken,Chicken,154.51
2025,Chapainawabganj,Grass carp,Fish,246.22
2025,Chapainawabganj,Katla-Small (1.50-2.00 kg),Fish,298.96500000000003
2025,Chapainawabganj,Local Hen - Medium (700-850 gm),Chicken,435.995
2025,Chapainawabganj,Pangash (big),Fish,194.58499999999998
2025,Chapainawabganj,Rice - Aman - Coarse,Rice,52.17
2025,Chapainawabganj,Rice - Boro - Hybrid - Coarse,Rice,56.870000000000005
2025,Chapainawabganj,Rice - Boro - Hybrid - Medium,Rice,68.98
2025,Chapainawabganj,Rice-Boro-Hybrid -Fine,Rice,76.58
2025,Chapainawabganj,Rice-Boro-Medium,Rice,64.5
2025,Chapainawabganj,Ruhi (Local) - small (1.50-2.00 kg),Fish,319.58500000000004
2025,Chapainawabganj,Silver Carp,Fish,192.22
2025,Chapainawabganj,Sonali Chicken,Chicken,229.375
2025,Chapainawabganj,Telapia/Nilotica,Fish,196.16500000000002
2025,Chattogram,Broiler chicken,Chicken,154.32
2025,Chattogram,Chinigura Rice,Rice,114.55
2025,Chattogram,Hilsha (500-900) gm,Fish,925.0
2025,Chattogram,Katla-Medium (2.50-4.50 kg),Fish,275.0
2025,Chattogram,Katla-Small (1.50-2.00 kg),Fish,317.73
2025,Chattogram,Local Hen - Medium (700-850 gm),Chicken,557.73
2025,Chattogram,Pangash (big),Fish,179.09
2025,Chattogram,Pangash (small),Fish,225.45
2025,Chattogram,Poah,Fish,276.36
2025,Chattogram,Rice - Aman - Coarse,Rice,55.0
2025,Chattogram,Rice - Aman - Medium,Rice,62.36
2025,Chattogram,Rice - Aman-Fine,Rice,78.18
2025,Chattogram,Rice - Boro - Hybrid - Coarse,Rice,54.18
2025,Chattogram,Rice - Boro - Hybrid - Medium,Rice,61.14
2025,Chattogram,Rice-Boro-Hybrid -Fine,Rice,81.45
2025,Chattogram,Ruhi (Imported) medium (2.50-4.50 kg),Fish,345.0
2025,Chattogram,Ruhi (Local) - small (1.50-2.00 kg),Fish,289.09
2025,Chattogram,Rupchanda,Fish,790.91
2025,Chattogram,Sonali Chicken,Chicken,279.2
2025,Chuadanga,Broiler Farm,Chicken,178.78
2025,Chuadanga,Chinigura Rice,Rice,124.83
2025,Chuadanga,Kalojira,Rice,115.28
2025,Chuadanga,Kataribhog,Rice,103.26
2025,Chuadanga,Local,Chicken,549.04
2025,Chuadanga,Rice - Aman - Coarse,Rice,49.0
2025,Chuadanga,Rice - Aush - Coarse,Rice,51.16
2025,Chuadanga,Rice - Boro - Hybrid - Coarse,Rice,54.18
2025,Chuadanga,Rice - Boro - Hybrid - Medium,Rice,61.86
2025,Chuadanga,Rice-Boro-Fine,Rice,81.88
2025,Comilla,Broiler chicken,Chicken,157.83
2025,Comilla,Grass carp,Fish,275.0
2025,Comilla,Katla-Medium (2.50-4.50 kg),Fish,390.0
2025,Comilla,Katla-Small (1.50-2.00 kg),Fish,350.0
2025,Comilla,Local Hen - Medium (700-850 gm),Chicken,600.58
2025,Comilla,Mregal-small,Fish,235.0
2025,Comilla,Pangash (big),Fish,173.38
2025,Comilla,Rice - Aman - Coarse,Rice,51.72
2025,Comilla,Rice - Aman - Medium,Rice,64.42
2025,Comilla,Rice - Aman-Fine,Rice,84.19
2025,Comilla,Rice - Boro - Hybrid - Coarse,Rice,52.5
2025,Comilla,Rice - Boro - Hybrid - Medium,Rice,62.29
2025,Comilla,Rice-Boro-Hybrid -Fine,Rice,83.21
2025,Comilla,Ruhi (Local) - medium (2.50-4.50 kg),Fish,370.0
2025,Comilla,Ruhi (Local) - small (1.50-2.00 kg),Fish,321.62
2025,Comilla,Silver Carp,Fish,275.0
2025,Comilla,Sonali Chicken,Chicken,244.0
2025,Comilla,Telapia/Nilotica,Fish,186.23
2025,Coxsbazar,Broiler chicken,Chicken,171.16
2025,Coxsbazar,Katla-Small (1.50-2.00 kg),Fish,331.86
2025,Coxsbazar,Local Hen - Big (above 900 gm),Chicken,564.79
2025,Coxsbazar,Pangash (big),Fish,171.46
2025,Coxsbazar,Rice - Boro - Hybrid - Coarse,Rice,52.5
2025,Coxsbazar,Rice - Boro - Hybrid - Medium,Rice,65.0
2025,Coxsbazar,Rice-Boro-Hybrid -Fine,Rice,82.5
2025,Coxsbazar,Ruhi (Local) - small (1.50-2.00 kg),Fish,333.89
2025,Coxsbazar,Sonali Chicken,Chicken,288.88
2025,Coxsbazar,Telapia/Nilotica,Fish,229.61
2025,Dhaka,Broiler chicken,Chicken,176.69
2025,Dhaka,Chinigura Rice,Rice,113.69
2025,Dhaka,Chitol-(small),Fish,550.0
2025,Dhaka,Grass carp,Fish,275.0
2025,Dhaka,Hilsha (500-900) gm,Fish,1503.41
2025,Dhaka,Kai,Fish,235.0
2025,Dhaka,Katla-Small (1.50-2.00 kg),Fish,324.85
2025,Dhaka,Pangash (big),Fish,194.26
2025,Dhaka,Rice - Aman - Coarse,Rice,54.41
2025,Dhaka,Rice - Aman - Medium,Rice,57.5
2025,Dhaka,Rice - Aman-Fine,Rice,85.17
2025,Dhaka,Rice-Boro-Medium,Rice,61.95
2025,Dhaka,Ruhi (Local) - medium (2.50-4.50 kg),Fish,405.66
2025,Dhaka,Ruhi (Local) - small (1.50-2.00 kg),Fish,350.0
2025,Dhaka,Shrimp Bagda,Fish,750.0
2025,Dhaka,Silver Carp,Fish,201.47
2025,Dhaka,Singhi,Fish,390.74
2025,Dhaka,Sonali Chicken,Chicken,290.96
2025,Dhaka,Telapia/Nilotica,Fish,207.57
2025,Dinajpur,Chinigura Rice,Rice,107.5
2025,Dinajpur,Farm-raised Hen,Chicken,157.61
2025,Dinajpur,Kataribhog,Rice,117.5
2025,Dinajpur,Katla-Small (1.50-2.00 kg),Fish,366.74
2025,Dinajpur,Local Hen - Big (above 900 gm),Chicken,481.37
2025,Dinajpur,Mregal-small,Fish,230.48
2025,Dinajpur,Pangash (big),Fish,155.3
2025,Dinajpur,Rice - Aman - Coarse,Rice,49.0
2025,Dinajpur,Rice - Aman - Medium,Rice,55.5
2025,Dinajpur,Rice - Boro - Hybrid - Coarse,Rice,51.28
2025,Dinajpur,Rice - Boro - Hybrid - Medium,Rice,62.74
2025,Dinajpur,Rice-Boro-Hybrid -Fine,Rice,70.9
2025,Dinajpur,Ruhi (Local) - small (1.50-2.00 kg),Fish,371.09
2025,Dinajpur,Silver Carp,Fish,187.11
2025,Dinajpur,Sonali Chicken,Chicken,266.44
2025,Dinajpur,Telapia/Nilotica,Fish,165.44
2025,Faridpur,Chinigura Rice,Rice,115.25
2025,Faridpur,Farm-raised Hen,Chicken,169.12
2025,Faridpur,Hilsha (500-900) gm,Fish,1333.06
2025,Faridpur,Local Hen - Medium (700-850 gm),Chicken,571.44
2025,Faridpur,Rice - Aman - Medium,Rice,58.07
2025,Faridpur,Rice - Aman-Super-Fine,Rice,89.0
2025,Faridpur,Rice - Amon - Hybrid - Coarse,Rice,52.73
2025,Faridpur,Rice - Boro - Hybrid - Coarse,Rice,56.74
2025,Faridpur,Rice - Boro - Hybrid - Medium,Rice,66.1
2025,Faridpur,Rice-Boro-Fine,Rice,86.46
2025,Faridpur,Ruhi (Local) - medium (2.50-4.50 kg),Fish,366.22
2025,Faridpur,Sonali Chicken,Chicken,273.23
2025,Feni,Broiler chicken,Chicken,157.84
2025,Feni,Katla-Small (1.50-2.00 kg),Fish,421.05
2025,Feni,Pangash (small),Fish,187.18
2025,Feni,Rice - Aman - Coarse,Rice,53.1
2025,Feni,Rice - Aman - Medium,Rice,61.75
2025,Feni,Rice - Aman-Fine,Rice,78.02
2025,Feni,Ruhi (Local) - small (1.50-2.00 kg),Fish,371.27
2025,Feni,Sonali Chicken,Chicken,291.45
2025,Gaibandha,Broiler chicken,Chicken,153.4
2025,Gaibandha,Hilsha (500-900) gm,Fish,1505.83
2025,Gaibandha,Katla-Small (1.50-2.00 kg),Fish,313.67
2025,Gaibandha,Local Hen - Medium (700-850 gm),Chicken,457.5
2025,Gaibandha,Local Hen - Small (500-650 gm),Chicken,461.13
2025,Gaibandha,Pangash (big),Fish,144.49
2025,Gaibandha,Rice - Aman - Coarse,Rice,46.07
2025,Gaibandha,Rice - Aman - Medium,Rice,55.43
2025,Gaibandha,Rice - Aman-Fine,Rice,75.16
2025,Gaibandha,Rice - Boro - Hybrid - Medium,Rice,56.77
2025,Gaibandha,Rice-Boro-Fine,Rice,72.35
2025,Gaibandha,Rice-Boro-Hybrid -Fine,Rice,71.79
2025,Gaibandha,Rice-Boro-Medium,Rice,53.8
2025,Gaibandha,Ricel-Boro-Mota,Rice,41.64
2025,Gaibandha,Ruhi (Local) - small (1.50-2.00 kg),Fish,325.4
2025,Gaibandha,Sonali Chicken,Chicken,267.22
2025,Gaibandha,Telapia/Nilotica,Fish,233.16
2025,Gazipur,Broiler chicken,Chicken,167.57
2025,Gazipur,Chinigura Rice,Rice,126.58
2025,Gazipur,Grass carp,Fish,299.57
2025,Gazipur,Kai,Fish,225.0
2025,Gazipur,Katla-Medium (2.50-4.50 kg),Fish,365.0
2025,Gazipur,Katla-Small (1.50-2.00 kg),Fish,310.0
2025,Gazipur,Local Hen - Medium (700-850 gm),Chicken,571.56
2025,Gazipur,Local Hen - Small (500-650 gm),Chicken,602.14
2025,Gazipur,Mregal-big,Fish,265.0
2025,Gazipur,Pangash (big),Fish,175.0
2025,Gazipur,Rice - Aman-Fine,Rice,84.27
2025,Gazipur,Rice - Amon - Hybrid - Medium,Rice,55.5
2025,Gazipur,Rice-Boro-Fine,Rice,82.05
2025,Gazipur,Rice-Boro-Medium,Rice,60.04
2025,Gazipur,Ricel-Boro-Mota,Rice,52.95
2025,Gazipur,Ruhi (Local) - medium (2.50-4.50 kg),Fish,410.0
2025,Gazipur,Ruhi (Local) - small (1.50-2.00 kg),Fish,345.0
2025,Gazipur,Shrimp Bagda,Fish,897.83
2025,Gazipur,Silver Carp,Fish,184.67
2025,Gazipur,Singhi,Fish,356.3
2025,Gazipur,Sonali Chicken,Chicken,290.07
2025,Gazipur,Telapia/Nilotica,Fish,190.0
2025,Gopalganj,Chinigura Rice,Rice,105.97
2025,Gopalganj,Farm-raised Hen,Chicken,152.41
2025,Gopalganj,Grass carp,Fish,291.42
2025,Gopalganj,Kalojira,Rice,105.97
2025,Gopalganj,Katla-Small (1.50-2.00 kg),Fish,353.76
2025,Gopalganj,Local Hen - Big (above 900 gm),Chicken,500.0
2025,Gopalganj,Mregal-big,Fish,327.19
2025,Gopalganj,Mregal-small,Fish,186.68
2025,Gopalganj,Pangash (big),Fish,211.13
2025,Gopalganj,Rice - Boro - Hybrid - Coarse,Rice,53.21
2025,Gopalganj,Rice - Boro - Hybrid - Medium,Rice,61.24
2025,Gopalganj,Rice-Boro-Hybrid -Fine,Rice,79.72
2025,Gopalganj,Ruhi (Local) - small (1.50-2.00 kg),Fish,416.9
2025,Gopalganj,Silver Carp,Fish,221.13
2025,Gopalganj,Sonali Chicken,Chicken,252.57
2025,Gopalganj,Telapia/Nilotica,Fish,212.59
2025,Habiganj,Broiler chicken,Chicken,167.17
2025,Habiganj,Chinigura Rice,Rice,116.22
2025,Habiganj,Grass carp,Fish,266.74
2025,Habiganj,Katla-Small (1.50-2.00 kg),Fish,350.0
2025,Habiganj,Local Hen - Big (above 900 gm),Chicken,581.3
2025,Habiganj,Pangash (small),Fish,185.0
2025,Habiganj,Rice - Aman - Coarse,Rice,52.26
2025,Habiganj,Rice - Aman - Medium,Rice,57.28
2025,Habiganj,Rice - Aman-Fine,Rice,78.22
2025,Habiganj,Rice-Boro-Fine,Rice,77.2
2025,Habiganj,Rice-Boro-Medium,Rice,58.04
2025,Habiganj,Ricel-Boro-Mota,Rice,50.35
2025,Habiganj,Ruhi (Local) - small (1.50-2.00 kg),Fish,300.0
2025,Habiganj,Silver Carp,Fish,216.85
2025,Habiganj,Telapia/Nilotica,Fish,190.0
2025,Jamalpur,Chinigura Rice,Rice,117.57
2025,Jamalpur,Farm-raised Hen,Chicken,156.14
2025,Jamalpur,Kalojira,Rice,110.71
2025,Jamalpur,Katla-Medium (2.50-4.50 kg),Fish,367.35
2025,Jamalpur,Local Hen - Medium (700-850 gm),Chicken,398.02
2025,Jamalpur,Pangash (big),Fish,159.01
2025,Jamalpur,Rice - Amon - Hybrid - Coarse,Rice,53.5
2025,Jamalpur,Rice - Amon - Hybrid - Medium,Rice,63.5
2025,Jamalpur,Rice - Amon - Hybrid - Narrow,Rice,71.0
2025,Jamalpur,Rice - Boro - Hybrid - Coarse,Rice,52.11
2025,Jamalpur,Rice - Boro - Hybrid - Medium,Rice,67.0
2025,Jamalpur,Rice-Boro-Fine,Rice,71.66
2025,Jamalpur,Rice-Boro-Medium,Rice,58.16
2025,Jamalpur,Ruhi (Local) - medium (2.50-4.50 kg),Fish,409.4
2025,Jamalpur,Ruhi (Local) - small (1.50-2.00 kg),Fish,338.4
2025,Jamalpur,Sonali Chicken,Chicken,274.22
2025,Jashore,Broiler chicken,Chicken,158.28
2025,Jashore,Grass carp,Fish,242.31
2025,Jashore,Hilsha (500-900) gm,Fish,1421.97
2025,Jashore,Katla (Local),Fish,295.3
2025,Jashore,Local Hen - Medium (700-850 gm),Chicken,495.45
2025,Jashore,Mregal-small,Fish,260.71
2025,Jashore,Pangash (big),Fish,164.1
2025,Jashore,Rice - Boro - Hybrid - Coarse,Rice,54.89
2025,Jashore,Rice - Boro - Hybrid - Medium,Rice,63.07
2025,Jashore,Rice-Boro-Hybrid -Fine,Rice,70.34
2025,Jashore,Ruhi (Imported) small (1.50-2.00 kg),Fish,297.84
2025,Jashore,Ruhi (Local) - medium (2.50-4.50 kg),Fish,423.06
2025,Jashore,Ruhi (Local) - small (1.50-2.00 kg),Fish,336.6
2025,Jashore,Silver Carp,Fish,165.0
2025,Jashore,Sonali Chicken,Chicken,275.9
2025,Jashore,Telapia/Nilotica,Fish,180.75
2025,Jhalakathi,Chinigura Rice,Rice,137.5
2025,Jhalakathi,Farm-raised Hen,Chicken,160.0
2025,Jhalakathi,Grass carp,Fish,190.0
2025,Jhalakathi,Hilsha (500-900) gm,Fish,1012.81
2025,Jhalakathi,Kai,Fish,220.0
2025,Jhalakathi,Katla-Medium (2.50-4.50 kg),Fish,406.28
2025,Jhalakathi,Katla-Small (1.50-2.00 kg),Fish,306.2
2025,Jhalakathi,Koral,Fish,634.67
2025,Jhalakathi,Mregal-small,Fish,190.0
2025,Jhalakathi,Pangash (big),Fish,160.69
2025,Jhalakathi,Pangash (small),Fish,180.84
2025,Jhalakathi,Poah,Fish,423.54
2025,Jhalakathi,Rice - Amon - Hybrid - Narrow,Rice,78.33
2025,Jhalakathi,Rice - Boro - Hybrid - Coarse,Rice,53.36
2025,Jhalakathi,Rice - Boro - Hybrid - Medium,Rice,62.56
2025,Jhalakathi,Rice-Boro-Hybrid -Fine,Rice,77.17
2025,Jhalakathi,Ruhi (Imported) medium (2.50-4.50 kg),Fish,425.0
2025,Jhalakathi,Ruhi (Local) - small (1.50-2.00 kg),Fish,325.0
2025,Jhalakathi,Shrimp Golda,Fish,1150.0
2025,Jhalakathi,Silver Carp,Fish,190.0
2025,Jhalakathi,Sonali Chicken,Chicken,271.48
2025,Jhalakathi,Telapia/Nilotica,Fish,178.47
2025,Jhenaidah,Broiler chicken,Chicken,161.99
2025,Jhenaidah,Grass carp,Fish,242.65
2025,Jhenaidah,Hilsha (500-900) gm,Fish,1151.38
2025,Jhenaidah,Kai,Fish,275.0
2025,Jhenaidah,Katla-Small (1.50-2.00 kg),Fish,314.71
2025,Jhenaidah,Mregal-small,Fish,219.49
2025,Jhenaidah,Pangash (big),Fish,150.59
2025,Jhenaidah,Pangash (small),Fish,200.0
2025,Jhenaidah,Rice - Aman - Coarse,Rice,53.65
2025,Jhenaidah,Rice - Amon - Hybrid - Medium,Rice,59.3
2025,Jhenaidah,Rice - Boro - Hybrid - Coarse,Rice,50.47
2025,Jhenaidah,Rice - Boro - Hybrid - Medium,Rice,63.56
2025,Jhenaidah,Rice-Boro-Hybrid -Fine,Rice,81.14
2025,Jhenaidah,Ruhi (Local) - small (1.50-2.00 kg),Fish,319.49
2025,Jhenaidah,Silver Carp,Fish,182.06
2025,Jhenaidah,Singhi,Fish,425.0
2025,Jhenaidah,Telapia/Nilotica,Fish,193.93
2025,Joypurhat,Farm-raised Hen,Chicken,152.43
2025,Joypurhat,Hilsha (500-900) gm,Fish,1534.81
2025,Joypurhat,Katla-Small (1.50-2.00 kg),Fish,318.7
2025,Joypurhat,Local Hen - Small (500-650 gm),Chicken,465.63
2025,Joypurhat,Mregal-small,Fish,214.33
2025,Joypurhat,Pangash (big),Fish,173.78
2025,Joypurhat,Rice - Aman - Coarse,Rice,56.15
2025,Joypurhat,Rice - Aman - Medium,Rice,63.91
2025,Joypurhat,Rice - Amon - Hybrid - Narrow,Rice,75.19
2025,Joypurhat,Rice - Boro - Hybrid - Coarse,Rice,54.3
2025,Joypurhat,Rice - Boro - Hybrid - Medium,Rice,62.14
2025,Joypurhat,Rice-Boro-Hybrid -Fine,Rice,71.58
2025,Joypurhat,Ruhi (Local) - small (1.50-2.00 kg),Fish,326.56
2025,Joypurhat,Silver Carp,Fish,193.3
2025,Joypurhat,Sonali Chicken,Chicken,268.55
2025,Joypurhat,Telapia/Nilotica,Fish,180.0
2025,Khagrachhari,Broiler chicken,Chicken,175.44
2025,Khagrachhari,Chinigura Rice,Rice,99.43
2025,Khagrachhari,Grass carp,Fish,238.42
2025,Khagrachhari,Hilsha (500-900) gm,Fish,1062.94
2025,Khagrachhari,Kalojira,Rice,143.33
2025,Khagrachhari,Kataribhog,Rice,85.22
2025,Khagrachhari,Katla-Small (1.50-2.00 kg),Fish,323.42
2025,Khagrachhari,Local Hen - Big (above 900 gm),Chicken,523.99
2025,Khagrachhari,Pangash (big),Fish,160.37
2025,Khagrachhari,Rice - Aman - Coarse,Rice,49.04
2025,Khagrachhari,Rice - Aman - Medium,Rice,61.05
2025,Khagrachhari,Rice - Aman - Pajam,Rice,58.04
2025,Khagrachhari,Rice - Aman-Fine,Rice,80.21
2025,Khagrachhari,Rice - Boro - Pajam,Rice,57.5
2025,Khagrachhari,Rice-Boro-Fine,Rice,83.5
2025,Khagrachhari,Rice-Boro-Medium,Rice,69.0
2025,Khagrachhari,Ricel-Boro-Mota,Rice,49.5
2025,Khagrachhari,Ruhi (Local) - small (1.50-2.00 kg),Fish,315.29
2025,Khagrachhari,Shrimp-small,Fish,855.15
2025,Khagrachhari,Silver Carp,Fish,164.49
2025,Khagrachhari,Singhi,Fish,395.0
2025,Khagrachhari,Sonali Chicken,Chicken,300.51
2025,Khagrachhari,Telapia/Nilotica,Fish,203.6
2025,Khulna,Chinigura Rice,Rice,114.38
2025,Khulna,Farm-raised Hen,Chicken,171.78
2025,Khulna,Hilsha (500-900) gm,Fish,1492.31
2025,Khulna,Katla-Small (1.50-2.00 kg),Fish,304.82
2025,Khulna,Local Hen - Big (above 900 gm),Chicken,528.01
2025,Khulna,Local Hen - Small (500-650 gm),Chicken,528.01
2025,Khulna,Pangash (big),Fish,179.86
2025,Khulna,Rice - Boro - Hybrid - Coarse,Rice,54.77
2025,Khulna,Rice - Boro - Hybrid - Medium,Rice,65.97
2025,Khulna,Rice-Boro-Hybrid -Fine,Rice,79.29
2025,Khulna,Ruhi (Local) - small (1.50-2.00 kg),Fish,322.96
2025,Khulna,Shrimp-small,Fish,630.09
2025,Khulna,Sonali Chicken,Chicken,259.63
2025,Kishoreganj,Chinigura Rice,Rice,125.78
2025,Kishoreganj,Farm-raised Hen,Chicken,157.31
2025,Kishoreganj,Katla-Small (1.50-2.00 kg),Fish,320.0
2025,Kishoreganj,Local Hen - Medium (700-850 gm),Chicken,510.0
2025,Kishoreganj,Local Hen - Small (500-650 gm),Chicken,455.0
2025,Kishoreganj,Mregal-small,Fish,210.0
2025,Kishoreganj,Pangash (big),Fish,182.24
2025,Kishoreganj,Rice - Aman - Medium,Rice,52.5
2025,Kishoreganj,Rice - Aman - Pajam,Rice,78.65
2025,Kishoreganj,Rice - Boro - Hybrid - Coarse,Rice,49.3
2025,Kishoreganj,Rice - Boro - Hybrid - Medium,Rice,66.16
2025,Kishoreganj,Ruhi (Local) - small (1.50-2.00 kg),Fish,341.29
2025,Kishoreganj,Sonali Chicken,Chicken,279.74
2025,Kurigram,Farm-raised Hen,Chicken,154.22
2025,Kurigram,Katla-Small (1.50-2.00 kg),Fish,275.44
2025,Kurigram,Local Hen - Medium (700-850 gm),Chicken,461.73
2025,Kurigram,Pangash (big),Fish,161.88
2025,Kurigram,Rice - Boro - Hybrid - Coarse,Rice,52.37
2025,Kurigram,Rice - Boro - Hybrid - Medium,Rice,60.0
2025,Kurigram,Rice-Boro-Hybrid -Fine,Rice,75.39
2025,Kurigram,Ruhi (Local) - small (1.50-2.00 kg),Fish,306.03
2025,Kurigram,Silver Carp,Fish,163.86
2025,Kurigram,Telapia/Nilotica,Fish,198.35
2025,Kushtia,Farm-raised Hen,Chicken,164.83
2025,Kushtia,Hilsha (500-900) gm,Fish,1620.42
2025,Kushtia,Local Hen - Medium (700-850 gm),Chicken,595.22
2025,Kushtia,Pangash (big),Fish,185.0
2025,Kushtia,Rice - Boro - Hybrid - Coarse,Rice,52.1
2025,Kushtia,Rice - Boro - Hybrid - Medium,Rice,58.55
2025,Kushtia,Rice-Boro-Hybrid -Fine,Rice,69.15
2025,Kushtia,Ruhi (Local) - small (1.50-2.00 kg),Fish,366.47
2025,Kushtia,Silver Carp,Fish,200.0
2025,Kushtia,Sonali Chicken,Chicken,278.2
2025,Kushtia,Telapia/Nilotica,Fish,205.0
2025,Lakshmipur,Chinigura Rice,Rice,122.5
2025,Lakshmipur,Farm-raised Hen,Chicken,161.75
2025,Lakshmipur,Katla-Big (above 5 Kg),Fish,410.0
2025,Lakshmipur,Local Hen - Medium (700-850 gm),Chicken,535.0
2025,Lakshmipur,Mregal-big,Fish,265.0
2025,Lakshmipur,Pangash (small),Fish,196.06
2025,Lakshmipur,Rice - Aman - Coarse,Rice,56.44
2025,Lakshmipur,Rice - Aman - Medium,Rice,62.15
2025,Lakshmipur,Rice - Aman-Fine,Rice,84.48
2025,Lakshmipur,Ruhi (Imported) small (1.50-2.00 kg),Fish,325.0
2025,Lakshmipur,Ruhi (Local) - small (1.50-2.00 kg),Fish,375.0
2025,Lakshmipur,Sonali Chicken,Chicken,270.91
2025,Lakshmipur,Telapia/Nilotica,Fish,235.0
2025,Lalmonirhat,Broiler chicken,Chicken,175.0
2025,Lalmonirhat,Farm-raised Hen,Chicken,155.57
2025,Lalmonirhat,Pangash (big),Fish,183.475
2025,Lalmonirhat,Rice - Aman - Coarse,Rice,46.620000000000005
2025,Lalmonirhat,Rice - Aman - Medium,Rice,50.58
2025,Lalmonirhat,Rice - Boro - Hybrid - Medium,Rice,53.08
2025,Lalmonirhat,Ruhi (Imported) small (1.50-2.00 kg),Fish,315.49
2025,Lalmonirhat,Ruhi (Local) - small (1.50-2.00 kg),Fish,320.0
2025,Madaripur,Broiler chicken,Chicken,160.11
2025,Madaripur,Hilsha (500-900) gm,Fish,1073.83
2025,Madaripur,Katla-Medium (2.50-4.50 kg),Fish,400.0
2025,Madaripur,Katla-Small (1.50-2.00 kg),Fish,260.0
2025,Madaripur,Local Hen - Medium (700-850 gm),Chicken,560.0
2025,Madaripur,Pangash (big),Fish,200.59
2025,Madaripur,Rice - Boro - Hybrid - Coarse,Rice,54.75
2025,Madaripur,Rice - Boro - Hybrid - Medium,Rice,64.68
2025,Madaripur,Rice-Boro-Fine,Rice,79.12
2025,Madaripur,Ruhi (Local) - medium (2.50-4.50 kg),Fish,424.12
2025,Madaripur,Ruhi (Local) - small (1.50-2.00 kg),Fish,307.87
2025,Madaripur,Sonali Chicken,Chicken,265.81
2025,Magura,Broiler chicken,Chicken,160.49
2025,Magura,Katla-Small (1.50-2.00 kg),Fish,307.41
2025,Magura,Local Hen - Big (above 900 gm),Chicken,538.46
2025,Magura,Mregal-small,Fish,233.72
2025,Magura,Pangash (big),Fish,174.78
2025,Magura,Rice - Aman - Coarse,Rice,52.43
2025,Magura,Rice - Aman - Medium,Rice,63.59
2025,Magura,Rice - Aman-Fine,Rice,73.34
2025,Magura,Rice-Boro-Fine,Rice,72.77
2025,Magura,Rice-Boro-Medium,Rice,63.46
2025,Magura,Ricel-Boro-Mota,Rice,53.19
2025,Magura,Ruhi (Local) - small (1.50-2.00 kg),Fish,341.64
2025,Magura,Silver Carp,Fish,182.92
2025,Magura,Sonali Chicken,Chicken,271.46
2025,Magura,Telapia/Nilotica,Fish,178.25
2025,Manikganj,Broiler chicken,Chicken,161.57
2025,Manikganj,Chinigura Rice,Rice,128.18
2025,Manikganj,Farm-raised Hen,Chicken,162.93
2025,Manikganj,Hilsha (500-900) gm,Fish,1350.0
2025,Manikganj,Katla (Local),Fish,328.47
2025,Manikganj,Katla-Small (1.50-2.00 kg),Fish,309.74
2025,Manikganj,Pangash (big),Fish,174.67
2025,Manikganj,Rice - Boro - Hybrid - Coarse,Rice,52.51
2025,Manikganj,Rice - Boro - Hybrid - Medium,Rice,60.64
2025,Manikganj,Rice-Boro-Hybrid -Fine,Rice,79.02
2025,Manikganj,Ruhi (Local) - small (1.50-2.00 kg),Fish,351.28
2025,Manikganj,Ruhi (Local) big (above 5 kg),Fish,422.85
2025,Manikganj,Silver Carp,Fish,203.36
2025,Manikganj,Singhi,Fish,366.42
2025,Manikganj,Sonali Chicken,Chicken,269.95
2025,Manikganj,Telapia/Nilotica,Fish,198.54
2025,Meherpur,Farm-raised Hen,Chicken,168.09
2025,Meherpur,Local Hen - Big (above 900 gm),Chicken,598.38
2025,Meherpur,Rice - Boro - Hybrid - Coarse,Rice,53.0
2025,Meherpur,Rice - Boro - Hybrid - Medium,Rice,64.05
2025,Meherpur,Rice-Boro-Hybrid -Fine,Rice,76.89
2025,Meherpur,Sonali Chicken,Chicken,268.57
2025,Moulvibazar,Farm-raised Hen,Chicken,153.59
2025,Moulvibazar,Hilsha (500-900) gm,Fish,1411.21
2025,Moulvibazar,Katla-Small (1.50-2.00 kg),Fish,308.47
2025,Moulvibazar,Pangash (big),Fish,172.17
2025,Moulvibazar,Rice - Aman-Fine,Rice,81.59
2025,Moulvibazar,Rice - Boro - Hybrid - Coarse,Rice,51.75
2025,Moulvibazar,Rice - Boro - Hybrid - Medium,Rice,61.72
2025,Moulvibazar,Rice-Boro-Hybrid -Fine,Rice,76.79
2025,Moulvibazar,Ruhi (Local) - medium (2.50-4.50 kg),Fish,395.07
2025,Moulvibazar,Ruhi (Local) - small (1.50-2.00 kg),Fish,302.77
2025,Moulvibazar,Silver Carp,Fish,192.88
2025,Moulvibazar,Sonali Chicken,Chicken,275.18
2025,Moulvibazar,Telapia/Nilotica,Fish,188.65
2025,Munshiganj,Chinigura Rice,Rice,129.61
2025,Munshiganj,Farm-raised Hen,Chicken,152.71
2025,Munshiganj,Hilsha (500-900) gm,Fish,1519.39
2025,Munshiganj,Katla-Small (1.50-2.00 kg),Fish,355.56
2025,Munshiganj,Pangash (big),Fish,177.0
2025,Munshiganj,Pangash (small),Fish,234.59
2025,Munshiganj,Rice - Boro - Hybrid - Medium,Rice,61.56
2025,Munshiganj,Rice-Boro-Fine,Rice,82.04
2025,Munshiganj,Ricel-Boro-Mota,Rice,55.73
2025,Munshiganj,Ruhi (Local) - small (1.50-2.00 kg),Fish,403.41
2025,Munshiganj,Silver Carp,Fish,210.85
2025,Munshiganj,Telapia/Nilotica,Fish,197.74
2025,Mymensingh,Farm-raised Hen,Chicken,156.71
2025,Mymensingh,Katla-Small (1.50-2.00 kg),Fish,368.77
2025,Mymensingh,Local Hen - Medium (700-850 gm),Chicken,507.42
2025,Mymensingh,Pangash (big),Fish,175.0
2025,Mymensingh,Rice - Aman - Coarse,Rice,52.42
2025,Mymensingh,Rice - Aman - Medium,Rice,61.11
2025,Mymensingh,Rice - Boro - Hybrid - Coarse,Rice,53.67
2025,Mymensingh,Rice - Boro - Hybrid - Medium,Rice,63.53
2025,Mymensingh,Rice - Boro - Pajam,Rice,77.37
2025,Mymensingh,Ruhi (Local) - small (1.50-2.00 kg),Fish,343.77
2025,Mymensingh,Sonali Chicken,Chicken,294.63
2025,Naogaon,Broiler chicken,Chicken,147.5
2025,Naogaon,Chinigura Rice,Rice,129.0
2025,Naogaon,Farm-raised Hen,Chicken,155.2
2025,Naogaon,Hilsha (500-900) gm,Fish,1706.57
2025,Naogaon,Kai,Fish,290.0
2025,Naogaon,Katla-Big (above 5 Kg),Fish,475.0
2025,Naogaon,Katla-Medium (2.50-4.50 kg),Fish,392.5
2025,Naogaon,Katla-Small (1.50-2.00 kg),Fish,260.0
2025,Naogaon,Local Hen - Medium (700-850 gm),Chicken,481.97
2025,Naogaon,Magur,Fish,550.0
2025,Naogaon,Mregal-small,Fish,225.0
2025,Naogaon,Pangash (big),Fish,155.0
2025,Naogaon,Pangash (small),Fish,187.5
2025,Naogaon,Rice - Boro - Hybrid - Coarse,Rice,41.0
2025,Naogaon,Rice -Boro-Local,Rice,41.0
2025,Naogaon,Rice-Boro-Fine,Rice,74.33
2025,Naogaon,Rice-Boro-Medium,Rice,60.32
2025,Naogaon,Ruhi (Imported) small (1.50-2.00 kg),Fish,375.0
2025,Naogaon,Ruhi (Local) - small (1.50-2.00 kg),Fish,262.5
2025,Naogaon,Ruhi (Local) big (above 5 kg),Fish,475.0
2025,Naogaon,Silver Carp,Fish,165.0
2025,Naogaon,Singhi,Fish,475.0
2025,Naogaon,Telapia/Nilotica,Fish,190.0
2025,Narail,Chinigura Rice,Rice,125.0
2025,Narail,Farm-raised Hen,Chicken,154.71
2025,Narail,Kalojira,Rice,125.0
2025,Narail,Katla-Small (1.50-2.00 kg),Fish,305.0
2025,Narail,Pangash (big),Fish,150.0
2025,Narail,Rice - Boro - Hybrid - Coarse,Rice,51.53
2025,Narail,Rice - Boro - Hybrid - Medium,Rice,60.21
2025,Narail,Rice-Boro-Hybrid -Fine,Rice,69.94
2025,Narail,Ruhi (Local) - small (1.50-2.00 kg),Fish,318.75
2025,Narail,Silver Carp,Fish,170.0
2025,Narail,Sonali Chicken,Chicken,246.79
2025,Narail,Telapia/Nilotica,Fish,154.19
2025,Narayanganj,Broiler Farm,Chicken,161.08
2025,Narayanganj,Chinigura Rice,Rice,135.0
2025,Narayanganj,Katla-Medium (2.50-4.50 kg),Fish,340.0
2025,Narayanganj,Pangash (big),Fish,190.0
2025,Narayanganj,Rice - Boro - Hybrid - Coarse,Rice,53.0
2025,Narayanganj,Rice - Boro - Hybrid - Medium,Rice,62.5
2025,Narayanganj,Rice-Boro-Hybrid -Fine,Rice,81.94
2025,Narayanganj,Ruhi (Local) - medium (2.50-4.50 kg),Fish,355.0
2025,Narayanganj,Ruhi (Local) big (above 5 kg),Fish,480.88
2025,Narayanganj,Telapia/Nilotica,Fish,190.0
2025,Narsingdi,Broiler chicken,Chicken,152.01
2025,Narsingdi,Chinigura Rice,Rice,121.75
2025,Narsingdi,Hilsha (500-900) gm,Fish,1186.9
2025,Narsingdi,Katla-Small (1.50-2.00 kg),Fish,253.96
2025,Narsingdi,Pangash (big),Fish,145.04
2025,Narsingdi,Pangash (small),Fish,190.63
2025,Narsingdi,Rice - Amon - Hybrid - Coarse,Rice,47.42
2025,Narsingdi,Rice - Amon - Hybrid - Medium,Rice,62.13
2025,Narsingdi,Rice - Amon - Hybrid - Narrow,Rice,82.98
2025,Narsingdi,Rice - Boro - Hybrid - Coarse,Rice,47.62
2025,Narsingdi,Rice - Boro - Hybrid - Medium,Rice,60.72
2025,Narsingdi,Rice-Boro-Hybrid -Fine,Rice,81.2
2025,Narsingdi,Ruhi (Imported) medium (2.50-4.50 kg),Fish,352.38
2025,Narsingdi,Ruhi (Local) - medium (2.50-4.50 kg),Fish,353.63
2025,Narsingdi,Ruhi (Local) - small (1.50-2.00 kg),Fish,318.75
2025,Narsingdi,Sonali Chicken,Chicken,274.82
2025,Natore,Chinigura Rice,Rice,119.0
2025,Natore,Farm-raised Hen,Chicken,150.04
2025,Natore,Kalojira,Rice,102.5
2025,Natore,Katla-Medium (2.50-4.50 kg),Fish,375.0
2025,Natore,Rice - Aman - Coarse,Rice,53.0
2025,Natore,Rice - Aman - Medium,Rice,57.0
2025,Natore,Rice - Amon - Hybrid - Narrow,Rice,74.5
2025,Natore,Rice - Boro - Hybrid - Coarse,Rice,46.33
2025,Natore,Rice-Boro-Hybrid -Fine,Rice,67.91
2025,Natore,Rice-Boro-Medium,Rice,59.16
2025,Natore,Ruhi (Imported) small (1.50-2.00 kg),Fish,290.43
2025,Natore,Ruhi (Local) - medium (2.50-4.50 kg),Fish,425.0
2025,Natore,Sonali Chicken,Chicken,258.46
2025,Netrokona,Farm-raised Hen,Chicken,159.4
2025,Netrokona,Pangash (big),Fish,155.0
2025,Netrokona,Rice - Aman - Coarse,Rice,47.42
2025,Netrokona,Rice - Aman - Medium,Rice,61.59
2025,Netrokona,Rice - Aman-Fine,Rice,77.82
2025,Netrokona,Rice - Boro - Hybrid - Coarse,Rice,49.26
2025,Netrokona,Rice - Boro - Hybrid - Medium,Rice,59.3
2025,Netrokona,Ruhi (Local) - small (1.50-2.00 kg),Fish,330.0
2025,Nilphamari,Broiler chicken,Chicken,159.81
2025,Nilphamari,Chinigura Rice,Rice,124.19
2025,Nilphamari,Katla-Small (1.50-2.00 kg),Fish,282.73
2025,Nilphamari,Local Hen - Medium (700-850 gm),Chicken,512.86
2025,Nilphamari,Pangash (big),Fish,155.0
2025,Nilphamari,Rice - Aman - Coarse,Rice,53.37
2025,Nilphamari,Rice - Aman - Medium,Rice,58.71
2025,Nilphamari,Rice - Boro - Hybrid - Medium,Rice,63.08
2025,Nilphamari,Rice-Boro-Hybrid -Fine,Rice,75.68
2025,Nilphamari,Ricel-Boro-Mota,Rice,48.5
2025,Nilphamari,Ruhi (Local) - small (1.50-2.00 kg),Fish,302.73
2025,Nilphamari,Sonali Chicken,Chicken,278.9
2025,Noakhali,Broiler chicken,Chicken,156.05
2025,Noakhali,Pangash (small),Fish,205.73
2025,Noakhali,Rice - Aman - Pajam,Rice,64.29
2025,Noakhali,Rice - Boro - Hybrid - Coarse,Rice,56.04
2025,Noakhali,Rice - Boro - Hybrid - Medium,Rice,64.09
2025,Noakhali,Rice-Boro-Hybrid -Fine,Rice,86.79
2025,Noakhali,Ruhi (Imported) medium (2.50-4.50 kg),Fish,362.69
2025,Noakhali,Sonali Chicken,Chicken,272.14
2025,Pabna,Farm-raised Hen,Chicken,164.25
2025,Pabna,Grass carp,Fish,217.72
2025,Pabna,Hilsha (500-900) gm,Fish,1774.79
2025,Pabna,Katla-Medium (2.50-4.50 kg),Fish,428.77
2025,Pabna,Mregal-small,Fish,194.09
2025,Pabna,Pangash (small),Fish,197.17
2025,Pabna,Rice - Boro - Hybrid - Medium,Rice,65.37
2025,Pabna,Rice-Boro-Hybrid -Fine,Rice,82.82
2025,Pabna,Ricel-Boro-Mota,Rice,50.55
2025,Pabna,Ruhi (Local) - medium (2.50-4.50 kg),Fish,449.38
2025,Pabna,Silver Carp,Fish,185.43
2025,Pabna,Telapia/Nilotica,Fish,199.13
2025,Panchagarh,Broiler chicken,Chicken,165.72
2025,Panchagarh,Chinigura Rice,Rice,108.78
2025,Panchagarh,Katla-Small (1.50-2.00 kg),Fish,270.48
2025,Panchagarh,Local Hen - Big (above 900 gm),Chicken,448.3
2025,Panchagarh,Pangash (small),Fish,168.41
2025,Panchagarh,Rice - Aman - Coarse,Rice,53.99
2025,Panchagarh,Rice - Aman - Medium,Rice,61.16
2025,Panchagarh,Rice - Aman - Pajam,Rice,51.43
2025,Panchagarh,Rice-Boro-Medium,Rice,61.74
2025,Panchagarh,Ruhi (Local) - small (1.50-2.00 kg),Fish,262.19
2025,Panchagarh,Sonali Chicken,Chicken,274.69
2025,Patuakhali,Broiler chicken,Chicken,156.64
2025,Patuakhali,Hilsha (500-900) gm,Fish,1700.0
2025,Patuakhali,Kalojira,Rice,112.5
2025,Patuakhali,Katla-Medium (2.50-4.50 kg),Fish,420.0
2025,Patuakhali,Katla-Small (1.50-2.00 kg),Fish,300.0
2025,Patuakhali,Pangash (big),Fish,190.0
2025,Patuakhali,Rice - Amon - Hybrid - Coarse,Rice,53.5
2025,Patuakhali,Rice - Amon - Hybrid - Medium,Rice,62.5
2025,Patuakhali,Rice - Amon - Hybrid - Narrow,Rice,75.94
2025,Patuakhali,Rice - Boro - Hybrid - Coarse,Rice,49.0
2025,Patuakhali,Rice - Boro - Hybrid - Medium,Rice,63.0
2025,Patuakhali,Ruhi (Imported) small (1.50-2.00 kg),Fish,305.0
2025,Patuakhali,Ruhi (Local) - medium (2.50-4.50 kg),Fish,400.0
2025,Patuakhali,Sonali Chicken,Chicken,275.0
2025,Pirojpur,Broiler chicken,Chicken,168.13
2025,Pirojpur,Local Hen - Big (above 900 gm),Chicken,492.05
2025,Pirojpur,Pangash (big),Fish,189.55
2025,Pirojpur,Rice - Aman - Coarse,Rice,60.43
2025,Pirojpur,Rice - Aman-Fine,Rice,77.57
2025,Pirojpur,Rice - Boro - Hybrid - Coarse,Rice,57.67
2025,Pirojpur,Rice-Boro-Medium,Rice,59.98
2025,Pirojpur,Ruhi (Local) - small (1.50-2.00 kg),Fish,245.0
2025,Pirojpur,Telapia/Nilotica,Fish,183.1
2025,Rajbari,Farm-raised Hen,Chicken,167.56
2025,Rajbari,Katla-Small (1.50-2.00 kg),Fish,311.94
2025,Rajbari,Mregal-small,Fish,190.0
2025,Rajbari,Pangash (big),Fish,205.37
2025,Rajbari,Rice - Boro - Hybrid - Coarse,Rice,52.84
2025,Rajbari,Rice - Boro - Hybrid - Medium,Rice,66.28
2025,Rajbari,Rice-Boro-Hybrid -Fine,Rice,77.42
2025,Rajbari,Ruhi (Local) - small (1.50-2.00 kg),Fish,396.64
2025,Rajshahi,Broiler chicken,Chicken,164.135
2025,Rajshahi,Katla-Medium (2.50-4.50 kg),Fish,321.84
2025,Rajshahi,Katla-Small (1.50-2.00 kg),Fish,221.84
2025,Rajshahi,Local Hen - Medium (700-850 gm),Chicken,500.38
2025,Rajshahi,Mregal-big,Fish,241.58
2025,Rajshahi,Mregal-small,Fish,176.32
2025,Rajshahi,Pangash (big),Fish,179.47
2025,Rajshahi,Pangash (small),Fish,225.79
2025,Rajshahi,Rice - Aman - Coarse,Rice,49.0
2025,Rajshahi,Rice - Aman - Medium,Rice,67.77
2025,Rajshahi,Rice - Amon - Hybrid - Coarse,Rice,56.0
2025,Rajshahi,Rice - Amon - Hybrid - Narrow,Rice,81.55
2025,Rajshahi,Rice - Boro - Hybrid - Medium,Rice,62.5
2025,Rajshahi,Rice-Boro-Fine,Rice,78.5
2025,Rajshahi,Ruhi (Local) - medium (2.50-4.50 kg),Fish,392.63
2025,Rajshahi,Ruhi (Local) - small (1.50-2.00 kg),Fish,315.79
2025,Rajshahi,Silver Carp,Fish,180.0
2025,Rajshahi,Sonali Chicken,Chicken,278.175
2025,Rajshahi,Telapia/Nilotica,Fish,175.0
2025,Rangamati,Broiler chicken,Chicken,463.8
2025,Rangamati,Chinigura Rice,Rice,137.27
2025,Rangamati,Hilsha (500-900) gm,Fish,1712.5
2025,Rangamati,Kataribhog,Rice,92.38
2025,Rangamati,Katla-Medium (2.50-4.50 kg),Fish,451.73
2025,Rangamati,Katla-Small (1.50-2.00 kg),Fish,356.05
2025,Rangamati,Local Hen - Big (above 900 gm),Chicken,507.92
2025,Rangamati,Local Hen - Medium (700-850 gm),Chicken,518.95
2025,Rangamati,Rice - Aman - Coarse,Rice,53.0
2025,Rangamati,Rice - Aman - Medium,Rice,70.36
2025,Rangamati,Rice - Aman-Fine,Rice,83.99
2025,Rangamati,Rice - Atap,Rice,52.01
2025,Rangamati,Rice - Boro - Hybrid - Coarse,Rice,52.62
2025,Rangamati,Rice - Boro - Hybrid - Medium,Rice,69.62
2025,Rangamati,Rice-Boro-Hybrid -Fine,Rice,80.85
2025,Rangamati,Ruhi (Imported) medium (2.50-4.50 kg),Fish,430.26
2025,Rangamati,Ruhi (Local) - small (1.50-2.00 kg),Fish,344.51
2025,Rangamati,Silver Carp,Fish,267.53
2025,Rangamati,Sonali Chicken,Chicken,408.12
2025,Rangamati,Telapia/Nilotica,Fish,198.99
2025,Rangpur,Farm-raised Hen,Chicken,168.21
2025,Rangpur,Pangash (big),Fish,175.0
2025,Rangpur,Rice - Aman - Coarse,Rice,52.62
2025,Rangpur,Rice - Aman - Medium,Rice,57.92
2025,Rangpur,Rice - Boro - Hybrid - Coarse,Rice,51.36
2025,Rangpur,Rice - Boro - Hybrid - Medium,Rice,63.0
2025,Rangpur,Rice-Boro-Hybrid -Fine,Rice,76.78
2025,Rangpur,Ruhi (Local) - small (1.50-2.00 kg),Fish,339.89
2025,Rangpur,Sonali Chicken,Chicken,276.31
2025,Rangpur,Telapia/Nilotica,Fish,192.66
2025,Satkhira,Chinigura Rice,Rice,122.5
2025,Satkhira,Farm-raised Hen,Chicken,168.45
2025,Satkhira,Grass carp,Fish,236.42
2025,Satkhira,Kalojira,Rice,127.5
2025,Satkhira,Kataribhog,Rice,102.5
2025,Satkhira,Katla-Small (1.50-2.00 kg),Fish,318.32
2025,Satkhira,Koral,Fish,825.0
2025,Satkhira,Rice - Amon - Hybrid - Coarse,Rice,51.52
2025,Satkhira,Rice - Amon - Hybrid - Medium,Rice,56.61
2025,Satkhira,Rice - Boro - Hybrid - Medium,Rice,64.01
2025,Satkhira,Rice-Boro-Hybrid -Fine,Rice,76.21
2025,Satkhira,Ricel-Boro-Mota,Rice,53.0
2025,Satkhira,Ruhi (Local) - small (1.50-2.00 kg),Fish,363.28
2025,Satkhira,Shrimp Bagda,Fish,1100.0
2025,Satkhira,Shrimp Golda,Fish,1200.0
2025,Satkhira,Shrimp-small,Fish,665.0
2025,Satkhira,Silver Carp,Fish,193.5
2025,Satkhira,Telapia/Nilotica,Fish,161.31
2025,Shariatpur,Farm-raised Hen,Chicken,168.6
2025,Shariatpur,Hilsha (500-900) gm,Fish,1153.88
2025,Shariatpur,Kai,Fish,200.0
2025,Shariatpur,Katla-Medium (2.50-4.50 kg),Fish,460.0
2025,Shariatpur,Mregal-big,Fish,200.0
2025,Shariatpur,Pangash (small),Fish,190.0
2025,Shariatpur,Rice - Boro - Hybrid - Coarse,Rice,53.94
2025,Shariatpur,Rice - Boro - Hybrid - Medium,Rice,63.93
2025,Shariatpur,Rice-Boro-Hybrid -Fine,Rice,77.56
2025,Shariatpur,Ruhi (Local) - medium (2.50-4.50 kg),Fish,475.0
2025,Shariatpur,Silver Carp,Fish,220.0
2025,Shariatpur,Sonali Chicken,Chicken,277.02
2025,Shariatpur,Telapia/Nilotica,Fish,180.0
2025,Sherpur,Broiler chicken,Chicken,166.7
2025,Sherpur,Farm-raised Hen,Chicken,153.58
2025,Sherpur,Pangash (big),Fish,217.05
2025,Sherpur,Rice - Aman - Medium,Rice,64.81
2025,Sherpur,Rice - Aman-Super-Fine,Rice,78.31
2025,Sherpur,Rice - Boro - Hybrid - Medium,Rice,62.17
2025,Sherpur,Rice-Boro-Fine,Rice,76.84
2025,Sherpur,Rice-Boro-Hybrid -Fine,Rice,72.44
2025,Sherpur,Rice-Boro-Medium,Rice,62.52
2025,Sherpur,Ricel-Boro-Mota,Rice,52.87
2025,Sherpur,Ruhi (Local) - small (1.50-2.00 kg),Fish,325.0
2025,Sirajganj,Ahire-big,Fish,1100.0
2025,Sirajganj,Ahire-small,Fish,600.0
2025,Sirajganj,Boal-big,Fish,1200.0
2025,Sirajganj,Boal-small,Fish,475.0
2025,Sirajganj,Broiler chicken,Chicken,162.5
2025,Sirajganj,Chitol-(big),Fish,925.0
2025,Sirajganj,Grass carp,Fish,265.0
2025,Sirajganj,Hilsha (500-900) gm,Fish,1050.0
2025,Sirajganj,Katla-Big (above 5 Kg),Fish,475.0
2025,Sirajganj,Katla-Medium (2.50-4.50 kg),Fish,375.0
2025,Sirajganj,Katla-Small (1.50-2.00 kg),Fish,290.0
2025,Sirajganj,Local Hen - Big (above 900 gm),Chicken,537.22
2025,Sirajganj,Local Hen - Medium (700-850 gm),Chicken,537.22
2025,Sirajganj,Local Hen - Small (500-650 gm),Chicken,537.22
2025,Sirajganj,Mregal-big,Fish,375.0
2025,Sirajganj,Mregal-small,Fish,220.0
2025,Sirajganj,Pangash (big),Fish,200.0
2025,Sirajganj,Pangash (small),Fish,325.0
2025,Sirajganj,Rice - Amon - Hybrid - Medium,Rice,60.22
2025,Sirajganj,Rice - Amon - Hybrid - Narrow,Rice,75.06
2025,Sirajganj,Rice - Boro - Hybrid - Medium,Rice,58.44
2025,Sirajganj,Rice-Boro-Hybrid -Fine,Rice,69.94
2025,Sirajganj,Ricel-Boro-Mota,Rice,53.67
2025,Sirajganj,Ruhi (Local) - medium (2.50-4.50 kg),Fish,450.0
2025,Sirajganj,Ruhi (Local) - small (1.50-2.00 kg),Fish,325.0
2025,Sirajganj,Silver Carp,Fish,230.0
2025,Sirajganj,Sonali Chicken,Chicken,260.56
2025,Sirajganj,Telapia/Nilotica,Fish,190.0
2025,Sunamganj,Chinigura Rice,Rice,126.46
2025,Sunamganj,Farm-raised Hen,Chicken,171.8
2025,Sunamganj,Hilsha (500-900) gm,Fish,1390.91
2025,Sunamganj,Kai,Fish,218.52
2025,Sunamganj,Kalojira,Rice,83.24
2025,Sunamganj,Kataribhog,Rice,83.1
2025,Sunamganj,Katla-Small (1.50-2.00 kg),Fish,344.77
2025,Sunamganj,Pangash (big),Fish,128.05
2025,Sunamganj,Pangash (small),Fish,199.2
2025,Sunamganj,Rice - Aman-Fine,Rice,78.33
2025,Sunamganj,Rice - Boro - Hybrid - Coarse,Rice,47.62
2025,Sunamganj,Rice - Boro - Hybrid - Medium,Rice,61.63
2025,Sunamganj,Ruhi (Imported) small (1.50-2.00 kg),Fish,387.01
2025,Sunamganj,Ruhi (Local) - small (1.50-2.00 kg),Fish,413.26
2025,Sunamganj,Shrimp-small,Fish,550.95
2025,Sunamganj,Sonali Chicken,Chicken,299.47
2025,Sunamganj,Telapia/Nilotica,Fish,213.11
2025,Sylhet,Chinigura Rice,Rice,130.44
2025,Sylhet,Farm-raised Hen,Chicken,157.92
2025,Sylhet,Hilsha (500-900) gm,Fish,1659.62
2025,Sylhet,Kai,Fish,253.36
2025,Sylhet,Kalojira,Rice,90.0
2025,Sylhet,Katla-Small (1.50-2.00 kg),Fish,315.4
2025,Sylhet,Mregal-big,Fish,366.13
2025,Sylhet,Mregal-small,Fish,291.9
2025,Sylhet,Pangash (big),Fish,166.79
2025,Sylhet,Pangash (small),Fish,221.82
2025,Sylhet,Rice - Boro - Hybrid - Coarse,Rice,54.66
2025,Sylhet,Rice - Boro - Hybrid - Medium,Rice,64.43
2025,Sylhet,Rice-Boro-Hybrid -Fine,Rice,78.32
2025,Sylhet,Ruhi (Local) - small (1.50-2.00 kg),Fish,329.74
2025,Sylhet,Sonali Chicken,Chicken,310.29
2025,Sylhet,Telapia/Nilotica,Fish,191.5
2025,Tangail,Farm-raised Hen,Chicken,165.33
2025,Tangail,Katla-Small (1.50-2.00 kg),Fish,302.5
2025,Tangail,Mregal-small,Fish,280.0
2025,Tangail,Pangash (big),Fish,165.0
2025,Tangail,Rice - Aman-Fine,Rice,79.0
2025,Tangail,Rice - Boro - Hybrid - Medium,Rice,60.03
2025,Tangail,Rice-Boro-Hybrid -Fine,Rice,80.77
2025,Tangail,Ruhi (Local) - small (1.50-2.00 kg),Fish,300.0
2025,Tangail,Silver Carp,Fish,190.0
2025,Thakurgaon,Broiler chicken,Chicken,160.38
2025,Thakurgaon,Grass carp,Fish,256.44
2025,Thakurgaon,Katla-Small (1.50-2.00 kg),Fish,330.08
2025,Thakurgaon,Local Hen - Small (500-650 gm),Chicken,468.18
2025,Thakurgaon,Mregal-small,Fish,223.48
2025,Thakurgaon,Pangash (big),Fish,188.45
2025,Thakurgaon,Rice - Aman - Coarse,Rice,52.13
2025,Thakurgaon,Rice - Amon - Hybrid - Medium,Rice,62.95
2025,Thakurgaon,Rice - Boro - Hybrid - Medium,Rice,63.63
2025,Thakurgaon,Rice-Boro-Hybrid -Fine,Rice,72.17
2025,Thakurgaon,Ruhi (Local) - small (1.50-2.00 kg),Fish,321.29
2025,Thakurgaon,Silver Carp,Fish,224.17
2025,Thakurgaon,Sonali Chicken,Chicken,270.3
2025,Thakurgaon,Telapia/Nilotica,Fish,205.49
2026,Bagerhat,Broiler chicken,Chicken,183.05
2026,Bagerhat,Grass carp,Fish,215.0
2026,Bagerhat,Hilsha (500-900) gm,Fish,1334.11
2026,Bagerhat,Katla-Medium (2.50-4.50 kg),Fish,325.0
2026,Bagerhat,Katla-Small (1.50-2.00 kg),Fish,260.0
2026,Bagerhat,Mregal-small,Fish,225.0
2026,Bagerhat,Pangash (big),Fish,206.16
2026,Bagerhat,Rice-Boro-Fine,Rice,73.53
2026,Bagerhat,Rice-Boro-Medium,Rice,54.95
2026,Bagerhat,Ricel-Boro-Mota,Rice,47.22
2026,Bagerhat,Ruhi (Local) - medium (2.50-4.50 kg),Fish,325.0
2026,Bagerhat,Ruhi (Local) - small (1.50-2.00 kg),Fish,260.0
2026,Bagerhat,Shrimp-small,Fish,550.0
2026,Bagerhat,Silver Carp,Fish,210.0
2026,Bagerhat,Sonali Chicken,Chicken,304.21
2026,Bagerhat,Telapia/Nilotica,Fish,120.0
2026,Bandarban,Broiler chicken,Chicken,230.45
2026,Bandarban,Chinigura Rice,Rice,135.2
2026,Bandarban,Hilsha (500-900) gm,Fish,1550.0
2026,Bandarban,Katla-Medium (2.50-4.50 kg),Fish,390.0
2026,Bandarban,Katla-Small (1.50-2.00 kg),Fish,331.66
2026,Bandarban,Local Hen - Big (above 900 gm),Chicken,563.36
2026,Bandarban,Local Hen - Medium (700-850 gm),Chicken,612.55
2026,Bandarban,Pangash (big),Fish,179.83
2026,Bandarban,Pangash (small),Fish,165.0
2026,Bandarban,Rice - Aman - Coarse,Rice,45.5
2026,Bandarban,Rice - Aman - Medium,Rice,65.36500000000001
2026,Bandarban,Rice - Aman-Fine,Rice,78.87
2026,Bandarban,Rice - Atap,Rice,61.0
2026,Bandarban,Rice-Boro-Fine,Rice,77.83
2026,Bandarban,Rice-Boro-Medium,Rice,62.5
2026,Bandarban,Ricel-Boro-Mota,Rice,50.58
2026,Bandarban,Ruhi (Imported) medium (2.50-4.50 kg),Fish,390.0
2026,Bandarban,Ruhi (Local) - small (1.50-2.00 kg),Fish,360.99
2026,Bandarban,Shrimp Golda,Fish,1310.66
2026,Bandarban,Shrimp-small,Fish,663.41
2026,Bandarban,Silver Carp,Fish,201.16
2026,Bandarban,Sonali Chicken,Chicken,336.305
2026,Bandarban,Telapia/Nilotica,Fish,215.05
2026,Barguna,Broiler Farm,Chicken,172.28
2026,Barguna,Broiler chicken,Chicken,170.42
2026,Barguna,Chinigura Rice,Rice,117.655
2026,Barguna,Hilsha (500-900) gm,Fish,1813.075
2026,Barguna,Pangash (big),Fish,172.565
2026,Barguna,Pangash (small),Fish,216.49
2026,Barguna,Rice - Aman - Coarse,Rice,49.56
2026,Barguna,Rice - Aman - Medium,Rice,55.91
2026,Barguna,Rice - Aman-Fine,Rice,71.99000000000001
2026,Barguna,Rice - Amon - Hybrid - Coarse,Rice,49.35
2026,Barguna,Ruhi (Imported) medium (2.50-4.50 kg),Fish,479.58
2026,Barguna,Ruhi (Local) - medium (2.50-4.50 kg),Fish,517.35
2026,Barguna,Ruhi (Local) - small (1.50-2.00 kg),Fish,361.29499999999996
2026,Barguna,Sonali Chicken,Chicken,295.89
2026,Barisal,Chinigura Rice,Rice,153.79
2026,Barisal,Farm-raised Hen,Chicken,174.36
2026,Barisal,Katla-Medium (2.50-4.50 kg),Fish,420.0
2026,Barisal,Katla-Small (1.50-2.00 kg),Fish,305.0
2026,Barisal,Pangash (small),Fish,215.0
2026,Barisal,Rice - Aman - Coarse,Rice,57.0
2026,Barisal,Rice - Aman - Medium,Rice,64.0
2026,Barisal,Rice - Boro - Hybrid - Coarse,Rice,57.0
2026,Barisal,Rice - Boro - Hybrid - Medium,Rice,66.0
2026,Barisal,Rice-Boro-Hybrid -Fine,Rice,77.54
2026,Barisal,Ruhi (Imported) medium (2.50-4.50 kg),Fish,395.0
2026,Barisal,Ruhi (Local) - small (1.50-2.00 kg),Fish,295.0
2026,Barisal,Telapia/Nilotica,Fish,177.37
2026,Bhola,Farm-raised Hen,Chicken,172.2
2026,Bhola,Rice - Aman - Coarse,Rice,45.73
2026,Bhola,Rice - Aman - Medium,Rice,53.85
2026,Bhola,Rice - Aman-Fine,Rice,67.51
2026,Bhola,Rice - Boro - Hybrid - Coarse,Rice,47.5
2026,Bhola,Rice-Boro-Fine,Rice,71.44
2026,Bhola,Rice-Boro-Medium,Rice,55.31
2026,Bhola,Ricel-Boro-Mota,Rice,50.2
2026,Bhola,Ruhi (Local) - small (1.50-2.00 kg),Fish,331.71
2026,Bhola,Shrimp-small,Fish,763.49
2026,Bhola,Telapia/Nilotica,Fish,225.0
2026,Bogura,Broiler chicken,Chicken,165.745
2026,Bogura,Katla-Big (above 5 Kg),Fish,440.0
2026,Bogura,Katla-Medium (2.50-4.50 kg),Fish,370.0
2026,Bogura,Katla-Small (1.50-2.00 kg),Fish,290.47
2026,Bogura,Local Hen - Big (above 900 gm),Chicken,539.905
2026,Bogura,Mregal-small,Fish,215.19
2026,Bogura,Pangash (big),Fish,191.41500000000002
2026,Bogura,Rice - Aman - Coarse,Rice,51.565
2026,Bogura,Rice - Aman - Medium,Rice,61.760000000000005
2026,Bogura,Rice - Aman-Fine,Rice,75.77000000000001
2026,Bogura,Rice-Boro-Hybrid -Fine,Rice,77.12
2026,Bogura,Rice-Boro-Medium,Rice,62.83
2026,Bogura,Ricel-Boro-Mota,Rice,51.0
2026,Bogura,Ruhi (Imported) medium (2.50-4.50 kg),Fish,400.0
2026,Bogura,Ruhi (Imported) small (1.50-2.00 kg),Fish,320.0
2026,Bogura,Ruhi (Local) - small (1.50-2.00 kg),Fish,310.0
2026,Bogura,Silver Carp,Fish,218.3
2026,Bogura,Sonali Chicken,Chicken,269.49
2026,Bogura,Telapia/Nilotica,Fish,203.77
2026,Brahmanbaria,Broiler chicken,Chicken,169.52
2026,Brahmanbaria,Farm-raised Hen,Chicken,172.05
2026,Brahmanbaria,Katla-Medium (2.50-4.50 kg),Fish,419.21500000000003
2026,Brahmanbaria,Local Hen - Big (above 900 gm),Chicken,705.8
2026,Brahmanbaria,Pangash (big),Fish,180.35000000000002
2026,Brahmanbaria,Rice - Aman - Coarse,Rice,50.265
2026,Brahmanbaria,Rice - Aman - Medium,Rice,56.55
2026,Brahmanbaria,Rice - Amon - Hybrid - Narrow,Rice,75.0
2026,Brahmanbaria,Rice - Boro - Hybrid - Medium,Rice,59.24
2026,Brahmanbaria,Rice-Boro-Hybrid -Fine,Rice,78.33
2026,Brahmanbaria,Ricel-Boro-Mota,Rice,51.1
2026,Brahmanbaria,Ruhi (Imported) medium (2.50-4.50 kg),Fish,376.35
2026,Brahmanbaria,Ruhi (Local) - medium (2.50-4.50 kg),Fish,376.82
2026,Brahmanbaria,Sonali Chicken,Chicken,326.235
2026,Brahmanbaria,Telapia/Nilotica,Fish,193.7
2026,Chandpur,Broiler chicken,Chicken,153.53
2026,Chandpur,Chinigura Rice,Rice,144.25
2026,Chandpur,Hilsha (500-900) gm,Fish,1921.36
2026,Chandpur,Katla-Small (1.50-2.00 kg),Fish,272.02
2026,Chandpur,Pangash (big),Fish,167.92000000000002
2026,Chandpur,Rice - Aush - Hybrid - Narrow,Rice,51.75
2026,Chandpur,Rice - Boro - Hybrid - Coarse,Rice,40.985
2026,Chandpur,Rice - Boro - Hybrid - Medium,Rice,48.89
2026,Chandpur,Rice-Boro-Hybrid -Fine,Rice,71.64
2026,Chandpur,Ruhi (Local) - small (1.50-2.00 kg),Fish,281.46000000000004
2026,Chandpur,Shrimp-small,Fish,356.25
2026,Chandpur,Sonali Chicken,Chicken,274.055
2026,Chapainawabganj,Broiler chicken,Chicken,171.72
2026,Chapainawabganj,Grass carp,Fish,246.32999999999998
2026,Chapainawabganj,Kai,Fish,237.83
2026,Chapainawabganj,Katla-Small (1.50-2.00 kg),Fish,326.55
2026,Chapainawabganj,Local Hen - Medium (700-850 gm),Chicken,519.3
2026,Chapainawabganj,Mregal-small,Fish,243.19
2026,Chapainawabganj,Pangash (big),Fish,189.745
2026,Chapainawabganj,Rice - Aman - Coarse,Rice,48.06999999999999
2026,Chapainawabganj,Rice - Boro - Hybrid - Coarse,Rice,51.155
2026,Chapainawabganj,Rice-Boro-Hybrid -Fine,Rice,73.125
2026,Chapainawabganj,Rice-Boro-Medium,Rice,64.275
2026,Chapainawabganj,Ruhi (Local) - small (1.50-2.00 kg),Fish,334.62
2026,Chapainawabganj,Silver Carp,Fish,185.905
2026,Chapainawabganj,Sonali Chicken,Chicken,268.15
2026,Chapainawabganj,Telapia/Nilotica,Fish,189.73000000000002
2026,Chattogram,Broiler chicken,Chicken,173.44
2026,Chattogram,Chinigura Rice,Rice,139.31
2026,Chattogram,Hilsha (500-900) gm,Fish,712.5
2026,Chattogram,Katla-Medium (2.50-4.50 kg),Fish,347.32
2026,Chattogram,Katla-Small (1.50-2.00 kg),Fish,337.52
2026,Chattogram,Local Hen - Medium (700-850 gm),Chicken,627.11
2026,Chattogram,Pangash (big),Fish,170.0
2026,Chattogram,Pangash (small),Fish,230.0
2026,Chattogram,Poah,Fish,310.2
2026,Chattogram,Rice - Aman - Coarse,Rice,54.6
2026,Chattogram,Rice - Aman - Medium,Rice,73.02
2026,Chattogram,Rice - Aman-Fine,Rice,79.4
2026,Chattogram,Rice - Boro - Hybrid - Coarse,Rice,61.01
2026,Chattogram,Rice - Boro - Hybrid - Medium,Rice,61.37
2026,Chattogram,Rice-Boro-Hybrid -Fine,Rice,76.0
2026,Chattogram,Ruhi (Imported) medium (2.50-4.50 kg),Fish,356.18
2026,Chattogram,Ruhi (Local) - small (1.50-2.00 kg),Fish,347.19
2026,Chattogram,Rupchanda,Fish,710.33
2026,Chattogram,Sonali Chicken,Chicken,329.33
2026,Chuadanga,Broiler Farm,Chicken,190.13
2026,Chuadanga,Broiler chicken,Chicken,195.88
2026,Chuadanga,Chinigura Rice,Rice,176.92000000000002
2026,Chuadanga,Farm-raised Hen,Chicken,200.0
2026,Chuadanga,Kalojira,Rice,120.77
2026,Chuadanga,Kataribhog,Rice,113.46000000000001
2026,Chuadanga,Local,Chicken,575.42
2026,Chuadanga,Rice - Aman - Coarse,Rice,46.94
2026,Chuadanga,Rice - Aush - Coarse,Rice,46.32
2026,Chuadanga,Rice - Aush-medium,Rice,52.5
2026,Chuadanga,Rice - Boro - Hybrid - Coarse,Rice,47.0
2026,Chuadanga,Rice - Boro - Hybrid - Medium,Rice,55.56
2026,Chuadanga,Rice-Boro-Fine,Rice,76.135
2026,Chuadanga,Rice-Boro-Medium,Rice,58.985
2026,Chuadanga,Ricel-Boro-Mota,Rice,46.26
2026,Comilla,Broiler chicken,Chicken,175.676
2026,Comilla,Grass carp,Fish,275.0
2026,Comilla,Katla-Medium (2.50-4.50 kg),Fish,390.0
2026,Comilla,Katla-Small (1.50-2.00 kg),Fish,333.598
2026,Comilla,Local Hen - Medium (700-850 gm),Chicken,575.0
2026,Comilla,Mregal-small,Fish,235.0
2026,Comilla,Pangash (big),Fish,176.448
2026,Comilla,Rice - Aman - Coarse,Rice,51.23666666666667
2026,Comilla,Rice - Aman - Medium,Rice,60.335
2026,Comilla,Rice - Aman-Fine,Rice,83.0575
2026,Comilla,Rice - Amon - Hybrid - Coarse,Rice,51.0
2026,Comilla,Rice - Aush - Hybrid - Coarse,Rice,51.0
2026,Comilla,Rice - Aush - Hybrid - Medium,Rice,59.525
2026,Comilla,Rice - Aush - Hybrid - Narrow,Rice,82.0
2026,Comilla,Rice - Boro - Hybrid - Coarse,Rice,51.13666666666666
2026,Comilla,Rice - Boro - Hybrid - Medium,Rice,61.6
2026,Comilla,Rice-Boro-Hybrid -Fine,Rice,82.25
2026,Comilla,Ricel-Boro-Mota,Rice,51.0
2026,Comilla,Ruhi (Imported) small (1.50-2.00 kg),Fish,323.73
2026,Comilla,Ruhi (Local) - medium (2.50-4.50 kg),Fish,370.0
2026,Comilla,Ruhi (Local) - small (1.50-2.00 kg),Fish,329.2275
2026,Comilla,Silver Carp,Fish,194.095
2026,Comilla,Sonali Chicken,Chicken,312.274
2026,Comilla,Telapia/Nilotica,Fish,200.14749999999998
2026,Coxsbazar,Broiler chicken,Chicken,180.45
2026,Coxsbazar,Katla (Local),Fish,331.15999999999997
2026,Coxsbazar,Katla-Small (1.50-2.00 kg),Fish,325.0
2026,Coxsbazar,Local Hen - Big (above 900 gm),Chicken,612.0799999999999
2026,Coxsbazar,Pangash (big),Fish,164.88
2026,Coxsbazar,Rice - Boro - Hybrid - Coarse,Rice,47.635
2026,Coxsbazar,Rice - Boro - Hybrid - Medium,Rice,65.175
2026,Coxsbazar,Rice-Boro-Hybrid -Fine,Rice,80.44
2026,Coxsbazar,Ruhi (Imported) small (1.50-2.00 kg),Fish,162.5
2026,Coxsbazar,Ruhi (Local) - small (1.50-2.00 kg),Fish,305.365
2026,Coxsbazar,Sonali Chicken,Chicken,293.565
2026,Coxsbazar,Telapia/Nilotica,Fish,219.375
2026,Dhaka,Broiler chicken,Chicken,183.055
2026,Dhaka,Chinigura Rice,Rice,153.56
2026,Dhaka,Grass carp,Fish,275.0
2026,Dhaka,Kai,Fish,206.5
2026,Dhaka,Kalojira,Rice,210.0
2026,Dhaka,Katla-Medium (2.50-4.50 kg),Fish,419.575
2026,Dhaka,Katla-Small (1.50-2.00 kg),Fish,338.8125
2026,Dhaka,Local,Chicken,740.33
2026,Dhaka,Pangash (big),Fish,178.7925
2026,Dhaka,Pangash (small),Fish,235.425
2026,Dhaka,Rice - Aman - Coarse,Rice,51.26333333333333
2026,Dhaka,Rice - Aman - Medium,Rice,57.26666666666667
2026,Dhaka,Rice - Aman-Fine,Rice,79.68666666666667
2026,Dhaka,Rice - Boro - Hybrid - Coarse,Rice,46.87
2026,Dhaka,Rice - Boro - Hybrid - Medium,Rice,69.7
2026,Dhaka,Rice-Boro-Hybrid -Fine,Rice,76.13
2026,Dhaka,Ruhi (Imported) medium (2.50-4.50 kg),Fish,441.49
2026,Dhaka,Ruhi (Imported) small (1.50-2.00 kg),Fish,350.0
2026,Dhaka,Ruhi (Local) - medium (2.50-4.50 kg),Fish,422.09666666666664
2026,Dhaka,Ruhi (Local) - small (1.50-2.00 kg),Fish,335.0733333333333
2026,Dhaka,Shrimp Bagda,Fish,762.5799999999999
2026,Dhaka,Silver Carp,Fish,189.35500000000002
2026,Dhaka,Singhi,Fish,359.21000000000004
2026,Dhaka,Sonali Chicken,Chicken,323.96000000000004
2026,Dhaka,Telapia/Nilotica,Fish,204.2925
2026,Dinajpur,Broiler chicken,Chicken,171.42
2026,Dinajpur,Chinigura Rice,Rice,147.46
2026,Dinajpur,Farm-raised Hen,Chicken,172.12
2026,Dinajpur,Kataribhog,Rice,119.13
2026,Dinajpur,Katla-Small (1.50-2.00 kg),Fish,342.005
2026,Dinajpur,Local Hen - Big (above 900 gm),Chicken,551.39
2026,Dinajpur,Mregal-small,Fish,197.98
2026,Dinajpur,Pangash (big),Fish,166.925
2026,Dinajpur,Rice - Aman - Coarse,Rice,46.335
2026,Dinajpur,Rice - Aman - Medium,Rice,51.754999999999995
2026,Dinajpur,Rice - Boro - Hybrid - Coarse,Rice,47.114999999999995
2026,Dinajpur,Rice - Boro - Hybrid - Medium,Rice,60.07
2026,Dinajpur,Rice-Boro-Hybrid -Fine,Rice,70.075
2026,Dinajpur,Rice-Boro-Medium,Rice,54.74
2026,Dinajpur,Ricel-Boro-Mota,Rice,43.0
2026,Dinajpur,Ruhi (Imported) small (1.50-2.00 kg),Fish,336.51
2026,Dinajpur,Ruhi (Local) - small (1.50-2.00 kg),Fish,357.31
2026,Dinajpur,Silver Carp,Fish,177.06
2026,Dinajpur,Sonali Chicken,Chicken,301.315
2026,Dinajpur,Telapia/Nilotica,Fish,156.96
2026,Faridpur,Chinigura Rice,Rice,151.52
2026,Faridpur,Farm-raised Hen,Chicken,182.56
2026,Faridpur,Hilsha (500-900) gm,Fish,1602.9
2026,Faridpur,Local Hen - Medium (700-850 gm),Chicken,609.1
2026,Faridpur,Rice - Aman - Medium,Rice,61.59
2026,Faridpur,Rice - Amon - Hybrid - Coarse,Rice,52.72
2026,Faridpur,Rice - Boro - Hybrid - Coarse,Rice,53.8
2026,Faridpur,Rice - Boro - Hybrid - Medium,Rice,65.16
2026,Faridpur,Rice-Boro-Fine,Rice,85.94
2026,Faridpur,Ruhi (Local) - medium (2.50-4.50 kg),Fish,373.65
2026,Faridpur,Sonali Chicken,Chicken,304.81
2026,Feni,Broiler chicken,Chicken,176.84500000000003
2026,Feni,Katla-Small (1.50-2.00 kg),Fish,380.23
2026,Feni,Pangash (small),Fish,181.11
2026,Feni,Rice - Aman - Coarse,Rice,50.98
2026,Feni,Rice - Aman - Medium,Rice,60.295
2026,Feni,Rice - Aman-Fine,Rice,78.08
2026,Feni,Ruhi (Local) - small (1.50-2.00 kg),Fish,364.8
2026,Feni,Sonali Chicken,Chicken,329.94500000000005
2026,Gaibandha,Broiler chicken,Chicken,168.635
2026,Gaibandha,Hilsha (500-900) gm,Fish,1347.92
2026,Gaibandha,Katla-Small (1.50-2.00 kg),Fish,345.58500000000004
2026,Gaibandha,Local Hen - Medium (700-850 gm),Chicken,620.09
2026,Gaibandha,Local Hen - Small (500-650 gm),Chicken,542.5799999999999
2026,Gaibandha,Pangash (big),Fish,153.465
2026,Gaibandha,Rice - Aman - Coarse,Rice,43.43
2026,Gaibandha,Rice - Aman - Medium,Rice,48.504999999999995
2026,Gaibandha,Rice - Aman-Fine,Rice,71.475
2026,Gaibandha,Rice - Boro - Hybrid - Medium,Rice,54.0
2026,Gaibandha,Rice-Boro-Fine,Rice,72.8
2026,Gaibandha,Rice-Boro-Hybrid -Fine,Rice,74.0
2026,Gaibandha,Rice-Boro-Medium,Rice,52.18
2026,Gaibandha,Ruhi (Local) - small (1.50-2.00 kg),Fish,335.12
2026,Gaibandha,Silver Carp,Fish,169.94
2026,Gaibandha,Sonali Chicken,Chicken,314.73
2026,Gaibandha,Telapia/Nilotica,Fish,190.55
2026,Gazipur,Broiler chicken,Chicken,176.26
2026,Gazipur,Chinigura Rice,Rice,160.01
2026,Gazipur,Grass carp,Fish,310.0
2026,Gazipur,Kai,Fish,225.0
2026,Gazipur,Katla-Medium (2.50-4.50 kg),Fish,365.0
2026,Gazipur,Katla-Small (1.50-2.00 kg),Fish,310.0
2026,Gazipur,Local Hen - Medium (700-850 gm),Chicken,632.9
2026,Gazipur,Local Hen - Small (500-650 gm),Chicken,667.74
2026,Gazipur,Mregal-big,Fish,265.0
2026,Gazipur,Pangash (big),Fish,156.08
2026,Gazipur,Rice - Aman-Fine,Rice,86.65
2026,Gazipur,Rice - Amon - Hybrid - Medium,Rice,56.75
2026,Gazipur,Rice - Boro - Hybrid - Coarse,Rice,50.01
2026,Gazipur,Rice - Boro - Hybrid - Medium,Rice,58.03
2026,Gazipur,Rice-Boro-Fine,Rice,81.1
2026,Gazipur,Rice-Boro-Medium,Rice,61.0
2026,Gazipur,Ricel-Boro-Mota,Rice,53.36
2026,Gazipur,Ruhi (Local) - medium (2.50-4.50 kg),Fish,410.0
2026,Gazipur,Ruhi (Local) - small (1.50-2.00 kg),Fish,345.0
2026,Gazipur,Shrimp Bagda,Fish,950.0
2026,Gazipur,Silver Carp,Fish,185.0
2026,Gazipur,Singhi,Fish,367.93
2026,Gazipur,Sonali Chicken,Chicken,322.07
2026,Gazipur,Telapia/Nilotica,Fish,174.24
2026,Gopalganj,Broiler chicken,Chicken,172.63
2026,Gopalganj,Chinigura Rice,Rice,139.71
2026,Gopalganj,Farm-raised Hen,Chicken,169.66
2026,Gopalganj,Grass carp,Fish,288.79
2026,Gopalganj,Kalojira,Rice,139.71
2026,Gopalganj,Katla-Small (1.50-2.00 kg),Fish,336.37
2026,Gopalganj,Local Hen - Big (above 900 gm),Chicken,555.83
2026,Gopalganj,Mregal-big,Fish,355.685
2026,Gopalganj,Mregal-small,Fish,206.275
2026,Gopalganj,Pangash (big),Fish,209.365
2026,Gopalganj,Rice - Boro - Hybrid - Coarse,Rice,49.32
2026,Gopalganj,Rice - Boro - Hybrid - Medium,Rice,57.83
2026,Gopalganj,Rice-Boro-Fine,Rice,75.54
2026,Gopalganj,Rice-Boro-Hybrid -Fine,Rice,78.8
2026,Gopalganj,Rice-Boro-Medium,Rice,55.81
2026,Gopalganj,Ricel-Boro-Mota,Rice,45.0
2026,Gopalganj,Ruhi (Local) - small (1.50-2.00 kg),Fish,411.48
2026,Gopalganj,Silver Carp,Fish,235.45999999999998
2026,Gopalganj,Sonali Chicken,Chicken,279.63
2026,Gopalganj,Telapia/Nilotica,Fish,212.515
2026,Habiganj,Broiler chicken,Chicken,164.515
2026,Habiganj,Chinigura Rice,Rice,152.01
2026,Habiganj,Grass carp,Fish,268.29
2026,Habiganj,Katla-Small (1.50-2.00 kg),Fish,348.89
2026,Habiganj,Local Hen - Big (above 900 gm),Chicken,622.69
2026,Habiganj,Pangash (small),Fish,183.83
2026,Habiganj,Rice - Aman - Coarse,Rice,45.43
2026,Habiganj,Rice - Aman - Medium,Rice,57.15
2026,Habiganj,Rice-Boro-Fine,Rice,74.95
2026,Habiganj,Rice-Boro-Medium,Rice,57.0
2026,Habiganj,Ricel-Boro-Mota,Rice,47.5
2026,Habiganj,Ruhi (Local) - small (1.50-2.00 kg),Fish,300.57
2026,Habiganj,Silver Carp,Fish,223.58
2026,Habiganj,Sonali Chicken,Chicken,327.57
2026,Habiganj,Telapia/Nilotica,Fish,185.555
2026,Jamalpur,Chinigura Rice,Rice,144.27
2026,Jamalpur,Farm-raised Hen,Chicken,170.22
2026,Jamalpur,Kalojira,Rice,132.7
2026,Jamalpur,Katla-Medium (2.50-4.50 kg),Fish,397.03
2026,Jamalpur,Local Hen - Medium (700-850 gm),Chicken,448.84
2026,Jamalpur,Pangash (big),Fish,163.05
2026,Jamalpur,Rice - Aman - Coarse,Rice,46.78
2026,Jamalpur,Rice - Aman - Medium,Rice,54.85
2026,Jamalpur,Rice - Aman-Fine,Rice,68.46
2026,Jamalpur,Rice - Boro - Hybrid - Coarse,Rice,50.13
2026,Jamalpur,Rice-Boro-Fine,Rice,70.68
2026,Jamalpur,Rice-Boro-Hybrid -Fine,Rice,69.0
2026,Jamalpur,Rice-Boro-Medium,Rice,57.78
2026,Jamalpur,Ruhi (Local) - medium (2.50-4.50 kg),Fish,418.21
2026,Jamalpur,Ruhi (Local) - small (1.50-2.00 kg),Fish,313.0
2026,Jashore,Broiler chicken,Chicken,175.1725
2026,Jashore,Grass carp,Fish,220.55
2026,Jashore,Katla (Local),Fish,270.68
2026,Jashore,Local Hen - Medium (700-850 gm),Chicken,539.87
2026,Jashore,Mregal-small,Fish,255.97
2026,Jashore,Pangash (big),Fish,165.26
2026,Jashore,Rice - Boro - Hybrid - Coarse,Rice,49.730000000000004
2026,Jashore,Rice - Boro - Hybrid - Medium,Rice,58.06
2026,Jashore,Rice-Boro-Fine,Rice,63.71
2026,Jashore,Rice-Boro-Hybrid -Fine,Rice,67.61
2026,Jashore,Ricel-Boro-Mota,Rice,48.42
2026,Jashore,Ruhi (Imported) small (1.50-2.00 kg),Fish,286.23
2026,Jashore,Ruhi (Local) - medium (2.50-4.50 kg),Fish,447.525
2026,Jashore,Ruhi (Local) - small (1.50-2.00 kg),Fish,355.7633333333333
2026,Jashore,Silver Carp,Fish,169.84
2026,Jashore,Sonali Chicken,Chicken,314.7733333333333
2026,Jashore,Telapia/Nilotica,Fish,188.20499999999998
2026,Jhalakathi,Chinigura Rice,Rice,150.87
2026,Jhalakathi,Farm-raised Hen,Chicken,175.95
2026,Jhalakathi,Grass carp,Fish,190.0
2026,Jhalakathi,Hilsha (500-900) gm,Fish,912.83
2026,Jhalakathi,Kai,Fish,235.94
2026,Jhalakathi,Katla-Medium (2.50-4.50 kg),Fish,410.84
2026,Jhalakathi,Katla-Small (1.50-2.00 kg),Fish,321.68
2026,Jhalakathi,Koral,Fish,650.0
2026,Jhalakathi,Mregal-small,Fish,190.0
2026,Jhalakathi,Pangash (big),Fish,162.42
2026,Jhalakathi,Pangash (small),Fish,189.84
2026,Jhalakathi,Poah,Fish,338.71
2026,Jhalakathi,Rice - Amon - Hybrid - Narrow,Rice,87.35
2026,Jhalakathi,Rice - Boro - Hybrid - Coarse,Rice,49.17
2026,Jhalakathi,Rice - Boro - Hybrid - Medium,Rice,57.04
2026,Jhalakathi,Rice-Boro-Hybrid -Fine,Rice,72.65
2026,Jhalakathi,Ruhi (Local) - medium (2.50-4.50 kg),Fish,420.0
2026,Jhalakathi,Ruhi (Local) - small (1.50-2.00 kg),Fish,336.03
2026,Jhalakathi,Shrimp Golda,Fish,1150.0
2026,Jhalakathi,Silver Carp,Fish,190.0
2026,Jhalakathi,Sonali Chicken,Chicken,303.71
2026,Jhalakathi,Telapia/Nilotica,Fish,180.0
2026,Jhenaidah,Broiler chicken,Chicken,187.92000000000002
2026,Jhenaidah,Grass carp,Fish,256.655
2026,Jhenaidah,Hilsha (500-900) gm,Fish,1604.77
2026,Jhenaidah,Kai,Fish,295.355
2026,Jhenaidah,Katla-Medium (2.50-4.50 kg),Fish,407.5
2026,Jhenaidah,Katla-Small (1.50-2.00 kg),Fish,318.38
2026,Jhenaidah,Mregal-small,Fish,254.775
2026,Jhenaidah,Pangash (big),Fish,168.93
2026,Jhenaidah,Pangash (small),Fish,234.725
2026,Jhenaidah,Rice - Aman - Coarse,Rice,46.94
2026,Jhenaidah,Rice - Amon - Hybrid - Medium,Rice,53.865
2026,Jhenaidah,Rice - Boro - Hybrid - Coarse,Rice,45.635
2026,Jhenaidah,Rice - Boro - Hybrid - Medium,Rice,59.755
2026,Jhenaidah,Rice-Boro-Fine,Rice,76.24
2026,Jhenaidah,Rice-Boro-Hybrid -Fine,Rice,77.59
2026,Jhenaidah,Ruhi (Local) - medium (2.50-4.50 kg),Fish,416.8
2026,Jhenaidah,Ruhi (Local) - small (1.50-2.00 kg),Fish,323.55
2026,Jhenaidah,Silver Carp,Fish,181.26
2026,Jhenaidah,Singhi,Fish,379.16
2026,Jhenaidah,Sonali Chicken,Chicken,287.5
2026,Jhenaidah,Telapia/Nilotica,Fish,195.89499999999998
2026,Joypurhat,Farm-raised Hen,Chicken,167.28
2026,Joypurhat,Hilsha (500-900) gm,Fish,1790.24
2026,Joypurhat,Katla-Small (1.50-2.00 kg),Fish,336.75
2026,Joypurhat,Local Hen - Small (500-650 gm),Chicken,541.26
2026,Joypurhat,Mregal-small,Fish,210.2
2026,Joypurhat,Pangash (big),Fish,170.16
2026,Joypurhat,Rice - Aman - Coarse,Rice,50.72
2026,Joypurhat,Rice - Aman - Medium,Rice,58.22
2026,Joypurhat,Rice - Amon - Hybrid - Narrow,Rice,69.3
2026,Joypurhat,Rice - Boro - Hybrid - Coarse,Rice,50.56
2026,Joypurhat,Rice - Boro - Hybrid - Medium,Rice,58.38
2026,Joypurhat,Rice-Boro-Hybrid -Fine,Rice,68.57
2026,Joypurhat,Ruhi (Local) - small (1.50-2.00 kg),Fish,345.93
2026,Joypurhat,Silver Carp,Fish,193.05
2026,Joypurhat,Sonali Chicken,Chicken,286.91
2026,Joypurhat,Telapia/Nilotica,Fish,184.92
2026,Khagrachhari,Broiler chicken,Chicken,189.125
2026,Khagrachhari,Chinigura Rice,Rice,100.89
2026,Khagrachhari,Grass carp,Fish,245.0
2026,Khagrachhari,Kalojira,Rice,142.5
2026,Khagrachhari,Kataribhog,Rice,84.55
2026,Khagrachhari,Katla-Small (1.50-2.00 kg),Fish,330.0
2026,Khagrachhari,Local Hen - Big (above 900 gm),Chicken,605.89
2026,Khagrachhari,Pangash (big),Fish,165.0
2026,Khagrachhari,Rice - Aman - Coarse,Rice,48.61
2026,Khagrachhari,Rice - Aman - Medium,Rice,55.585
2026,Khagrachhari,Rice - Aman - Pajam,Rice,55.65
2026,Khagrachhari,Rice - Aman-Fine,Rice,82.45
2026,Khagrachhari,Rice - Boro - Pajam,Rice,55.325
2026,Khagrachhari,Rice-Boro-Fine,Rice,82.65
2026,Khagrachhari,Rice-Boro-Medium,Rice,62.02
2026,Khagrachhari,Ricel-Boro-Mota,Rice,49.17
2026,Khagrachhari,Ruhi (Local) - small (1.50-2.00 kg),Fish,310.31
2026,Khagrachhari,Shrimp-small,Fish,850.0
2026,Khagrachhari,Silver Carp,Fish,165.0
2026,Khagrachhari,Sonali Chicken,Chicken,321.265
2026,Khagrachhari,Telapia/Nilotica,Fish,220.0
2026,Khulna,Chinigura Rice,Rice,164.225
2026,Khulna,Farm-raised Hen,Chicken,188.62
2026,Khulna,Hilsha (500-900) gm,Fish,1598.13
2026,Khulna,Kalojira,Rice,137.5
2026,Khulna,Kataribhog,Rice,110.0
2026,Khulna,Katla-Small (1.50-2.00 kg),Fish,303.615
2026,Khulna,Local Hen - Big (above 900 gm),Chicken,548.96
2026,Khulna,Local Hen - Small (500-650 gm),Chicken,548.96
2026,Khulna,Mregal-small,Fish,160.0
2026,Khulna,Pangash (big),Fish,185.22
2026,Khulna,Rice - Atap,Rice,41.96
2026,Khulna,Rice - Boro - Hybrid - Coarse,Rice,52.28
2026,Khulna,Rice - Boro - Hybrid - Medium,Rice,64.28
2026,Khulna,Rice-Boro-Fine,Rice,75.0
2026,Khulna,Rice-Boro-Hybrid -Fine,Rice,77.05
2026,Khulna,Rice-Boro-Medium,Rice,54.38
2026,Khulna,Ricel-Boro-Mota,Rice,44.26
2026,Khulna,Ruhi (Local) - small (1.50-2.00 kg),Fish,361.225
2026,Khulna,Shrimp-small,Fish,693.71
2026,Khulna,Sonali Chicken,Chicken,292.15
2026,Kishoreganj,Broiler chicken,Chicken,175.93
2026,Kishoreganj,Chinigura Rice,Rice,145.73
2026,Kishoreganj,Farm-raised Hen,Chicken,170.66
2026,Kishoreganj,Katla-Small (1.50-2.00 kg),Fish,323.32500000000005
2026,Kishoreganj,Local Hen - Medium (700-850 gm),Chicken,521.67
2026,Kishoreganj,Local Hen - Small (500-650 gm),Chicken,466.67
2026,Kishoreganj,Mregal-small,Fish,210.97
2026,Kishoreganj,Pangash (big),Fish,173.07
2026,Kishoreganj,Rice - Aman - Medium,Rice,54.94
2026,Kishoreganj,Rice - Aman - Pajam,Rice,74.5
2026,Kishoreganj,Rice - Amon - Hybrid - Medium,Rice,55.655
2026,Kishoreganj,Rice - Boro - Hybrid - Coarse,Rice,46.84
2026,Kishoreganj,Rice - Boro - Hybrid - Medium,Rice,58.975
2026,Kishoreganj,Rice-Boro-Medium,Rice,57.0
2026,Kishoreganj,Ruhi (Local) - small (1.50-2.00 kg),Fish,345.0
2026,Kishoreganj,Sonali Chicken,Chicken,314.1
2026,Kurigram,Broiler chicken,Chicken,174.32
2026,Kurigram,Farm-raised Hen,Chicken,171.12
2026,Kurigram,Katla (Local),Fish,310.0
2026,Kurigram,Katla-Small (1.50-2.00 kg),Fish,291.04
2026,Kurigram,Local Hen - Medium (700-850 gm),Chicken,539.615
2026,Kurigram,Pangash (big),Fish,173.815
2026,Kurigram,Rice - Aman - Coarse,Rice,45.88
2026,Kurigram,Rice - Aman - Medium,Rice,55.0
2026,Kurigram,Rice - Aman-Fine,Rice,75.35
2026,Kurigram,Rice - Amon - Hybrid - Coarse,Rice,43.1
2026,Kurigram,Rice - Amon - Hybrid - Medium,Rice,48.21
2026,Kurigram,Rice - Amon - Hybrid - Narrow,Rice,52.05
2026,Kurigram,Rice - Boro - Hybrid - Coarse,Rice,46.135000000000005
2026,Kurigram,Rice - Boro - Hybrid - Medium,Rice,54.004999999999995
2026,Kurigram,Rice-Boro-Fine,Rice,71.62
2026,Kurigram,Rice-Boro-Hybrid -Fine,Rice,66.66
2026,Kurigram,Ruhi (Local) - small (1.50-2.00 kg),Fish,316.605
2026,Kurigram,Silver Carp,Fish,173.70999999999998
2026,Kurigram,Sonali Chicken,Chicken,313.65
2026,Kurigram,Telapia/Nilotica,Fish,196.08499999999998
2026,Kushtia,Farm-raised Hen,Chicken,235.41
2026,Kushtia,Hilsha (500-900) gm,Fish,2095.54
2026,Kushtia,Local Hen - Medium (700-850 gm),Chicken,639.04
2026,Kushtia,Pangash (big),Fish,185.0
2026,Kushtia,Rice - Boro - Hybrid - Coarse,Rice,46.56
2026,Kushtia,Rice - Boro - Hybrid - Medium,Rice,57.18
2026,Kushtia,Rice-Boro-Hybrid -Fine,Rice,70.25
2026,Kushtia,Ruhi (Local) - small (1.50-2.00 kg),Fish,385.0
2026,Kushtia,Silver Carp,Fish,200.0
2026,Kushtia,Sonali Chicken,Chicken,302.75
2026,Kushtia,Telapia/Nilotica,Fish,205.0
2026,Lakshmipur,Broiler chicken,Chicken,174.0
2026,Lakshmipur,Chinigura Rice,Rice,144.675
2026,Lakshmipur,Farm-raised Hen,Chicken,168.35
2026,Lakshmipur,Katla-Big (above 5 Kg),Fish,428.095
2026,Lakshmipur,Mregal-big,Fish,244.325
2026,Lakshmipur,Pangash (small),Fish,190.0
2026,Lakshmipur,Rice - Aman - Coarse,Rice,55.5
2026,Lakshmipur,Rice - Aman - Medium,Rice,59.0
2026,Lakshmipur,Rice - Aman - Pajam,Rice,59.0
2026,Lakshmipur,Rice - Aman-Fine,Rice,84.5
2026,Lakshmipur,Ruhi (Imported) small (1.50-2.00 kg),Fish,325.0
2026,Lakshmipur,Ruhi (Local) - medium (2.50-4.50 kg),Fish,335.0
2026,Lakshmipur,Ruhi (Local) - small (1.50-2.00 kg),Fish,375.0
2026,Lakshmipur,Sonali Chicken,Chicken,297.27
2026,Lakshmipur,Telapia/Nilotica,Fish,225.35
2026,Lalmonirhat,Farm-raised Hen,Chicken,168.33
2026,Lalmonirhat,Pangash (big),Fish,191.755
2026,Lalmonirhat,Rice - Aman - Coarse,Rice,45.875
2026,Lalmonirhat,Rice - Aman - Medium,Rice,49.89
2026,Lalmonirhat,Rice - Amon - Hybrid - Narrow,Rice,75.0
2026,Lalmonirhat,Rice - Boro - Hybrid - Medium,Rice,56.355000000000004
2026,Lalmonirhat,Rice-Boro-Fine,Rice,73.27
2026,Madaripur,Broiler chicken,Chicken,178.93
2026,Madaripur,Chinigura Rice,Rice,204.69
2026,Madaripur,Hilsha (500-900) gm,Fish,1082.48
2026,Madaripur,Katla-Medium (2.50-4.50 kg),Fish,400.0
2026,Madaripur,Katla-Small (1.50-2.00 kg),Fish,287.13
2026,Madaripur,Local Hen - Medium (700-850 gm),Chicken,560.0
2026,Madaripur,Pangash (big),Fish,208.6
2026,Madaripur,Rice - Aman - Medium,Rice,60.97
2026,Madaripur,Rice - Boro - Hybrid - Coarse,Rice,51.27
2026,Madaripur,Rice - Boro - Hybrid - Medium,Rice,60.06
2026,Madaripur,Rice-Boro-Fine,Rice,78.96
2026,Madaripur,Ruhi (Local) - medium (2.50-4.50 kg),Fish,400.0
2026,Madaripur,Ruhi (Local) - small (1.50-2.00 kg),Fish,295.1
2026,Madaripur,Sonali Chicken,Chicken,295.99
2026,Magura,Broiler chicken,Chicken,176.54
2026,Magura,Katla-Small (1.50-2.00 kg),Fish,294.39
2026,Magura,Mregal-small,Fish,222.37
2026,Magura,Pangash (big),Fish,184.87
2026,Magura,Rice - Aman - Coarse,Rice,48.75
2026,Magura,Rice - Aman - Medium,Rice,59.21
2026,Magura,Rice - Aman-Fine,Rice,69.01
2026,Magura,Rice-Boro-Fine,Rice,71.82
2026,Magura,Rice-Boro-Medium,Rice,61.6
2026,Magura,Ricel-Boro-Mota,Rice,47.93
2026,Magura,Ruhi (Local) - small (1.50-2.00 kg),Fish,325.45
2026,Magura,Silver Carp,Fish,187.79
2026,Magura,Sonali Chicken,Chicken,295.3
2026,Magura,Telapia/Nilotica,Fish,193.88
2026,Manikganj,Broiler chicken,Chicken,179.61333333333334
2026,Manikganj,Chinigura Rice,Rice,162.42333333333332
2026,Manikganj,Katla (Local),Fish,397.46000000000004
2026,Manikganj,Katla-Small (1.50-2.00 kg),Fish,301.83666666666664
2026,Manikganj,Pangash (big),Fish,181.79999999999998
2026,Manikganj,Rice - Amon - Hybrid - Narrow,Rice,82.0
2026,Manikganj,Rice - Boro - Hybrid - Coarse,Rice,48.48
2026,Manikganj,Rice - Boro - Hybrid - Medium,Rice,54.64333333333334
2026,Manikganj,Rice-Boro-Hybrid -Fine,Rice,77.59333333333333
2026,Manikganj,Ruhi (Local) - small (1.50-2.00 kg),Fish,313.9266666666667
2026,Manikganj,Ruhi (Local) big (above 5 kg),Fish,424.12999999999994
2026,Manikganj,Silver Carp,Fish,201.17000000000002
2026,Manikganj,Singhi,Fish,371.53999999999996
2026,Manikganj,Sonali Chicken,Chicken,303.18
2026,Manikganj,Telapia/Nilotica,Fish,194.84666666666666
2026,Meherpur,Broiler chicken,Chicken,191.04
2026,Meherpur,Farm-raised Hen,Chicken,189.74
2026,Meherpur,Local Hen - Big (above 900 gm),Chicken,831.385
2026,Meherpur,Rice - Boro - Hybrid - Coarse,Rice,50.525
2026,Meherpur,Rice - Boro - Hybrid - Medium,Rice,63.239999999999995
2026,Meherpur,Rice-Boro-Fine,Rice,72.89
2026,Meherpur,Rice-Boro-Hybrid -Fine,Rice,76.74
2026,Meherpur,Rice-Boro-Medium,Rice,63.11
2026,Meherpur,Ricel-Boro-Mota,Rice,51.0
2026,Meherpur,Sonali Chicken,Chicken,291.145
2026,Moulvibazar,Broiler chicken,Chicken,176.36
2026,Moulvibazar,Farm-raised Hen,Chicken,171.45
2026,Moulvibazar,Hilsha (500-900) gm,Fish,1419.18
2026,Moulvibazar,Katla-Small (1.50-2.00 kg),Fish,326.29
2026,Moulvibazar,Pangash (big),Fish,179.275
2026,Moulvibazar,Rice - Aman-Fine,Rice,83.41
2026,Moulvibazar,Rice - Boro - Hybrid - Coarse,Rice,45.39
2026,Moulvibazar,Rice - Boro - Hybrid - Medium,Rice,58.7
2026,Moulvibazar,Rice-Boro-Hybrid -Fine,Rice,76.975
2026,Moulvibazar,Rice-Boro-Medium,Rice,57.9
2026,Moulvibazar,Ricel-Boro-Mota,Rice,43.96
2026,Moulvibazar,Ruhi (Local) - medium (2.50-4.50 kg),Fish,395.38
2026,Moulvibazar,Ruhi (Local) - small (1.50-2.00 kg),Fish,329.43
2026,Moulvibazar,Silver Carp,Fish,190.6
2026,Moulvibazar,Sonali Chicken,Chicken,306.43
2026,Moulvibazar,Telapia/Nilotica,Fish,191.23
2026,Munshiganj,Chinigura Rice,Rice,155.76
2026,Munshiganj,Farm-raised Hen,Chicken,169.79
2026,Munshiganj,Hilsha (500-900) gm,Fish,1448.7
2026,Munshiganj,Katla-Small (1.50-2.00 kg),Fish,389.74
2026,Munshiganj,Pangash (big),Fish,184.61
2026,Munshiganj,Pangash (small),Fish,229.35
2026,Munshiganj,Rice - Boro - Hybrid - Medium,Rice,58.43
2026,Munshiganj,Rice-Boro-Fine,Rice,79.22
2026,Munshiganj,Ricel-Boro-Mota,Rice,52.16
2026,Munshiganj,Ruhi (Local) - small (1.50-2.00 kg),Fish,424.09
2026,Munshiganj,Silver Carp,Fish,240.0
2026,Munshiganj,Telapia/Nilotica,Fish,200.0
2026,Mymensingh,Broiler chicken,Chicken,167.075
2026,Mymensingh,Chinigura Rice,Rice,171.365
2026,Mymensingh,Farm-raised Hen,Chicken,170.44
2026,Mymensingh,Kalojira,Rice,151.85
2026,Mymensingh,Katla-Small (1.50-2.00 kg),Fish,363.1
2026,Mymensingh,Local Hen - Medium (700-850 gm),Chicken,558.395
2026,Mymensingh,Local Hen - Small (500-650 gm),Chicken,554.23
2026,Mymensingh,Pangash (big),Fish,182.57666666666668
2026,Mymensingh,Rice - Aman - Coarse,Rice,48.50666666666667
2026,Mymensingh,Rice - Aman - Medium,Rice,59.46333333333333
2026,Mymensingh,Rice - Aman-Fine,Rice,76.35
2026,Mymensingh,Rice - Amon - Hybrid - Coarse,Rice,48.94
2026,Mymensingh,Rice - Boro - Hybrid - Coarse,Rice,53.73
2026,Mymensingh,Rice - Boro - Hybrid - Medium,Rice,62.1
2026,Mymensingh,Rice - Boro - Pajam,Rice,78.86
2026,Mymensingh,Ruhi (Local) - small (1.50-2.00 kg),Fish,347.84999999999997
2026,Mymensingh,Sonali Chicken,Chicken,308.49333333333334
2026,Naogaon,Broiler chicken,Chicken,169.85
2026,Naogaon,Chinigura Rice,Rice,129.0
2026,Naogaon,Farm-raised Hen,Chicken,167.14
2026,Naogaon,Hilsha (500-900) gm,Fish,1700.0
2026,Naogaon,Kai,Fish,290.0
2026,Naogaon,Katla-Big (above 5 Kg),Fish,475.0
2026,Naogaon,Katla-Medium (2.50-4.50 kg),Fish,392.5
2026,Naogaon,Katla-Small (1.50-2.00 kg),Fish,264.62
2026,Naogaon,Local Hen - Medium (700-850 gm),Chicken,548.58
2026,Naogaon,Magur,Fish,550.0
2026,Naogaon,Mregal-small,Fish,225.0
2026,Naogaon,Pangash (big),Fish,155.0
2026,Naogaon,Pangash (small),Fish,187.5
2026,Naogaon,Rice-Boro-Fine,Rice,74.815
2026,Naogaon,Rice-Boro-Medium,Rice,61.75
2026,Naogaon,Ricel-Boro-Mota,Rice,51.0
2026,Naogaon,Ruhi (Local) - small (1.50-2.00 kg),Fish,257.665
2026,Naogaon,Ruhi (Local) big (above 5 kg),Fish,475.0
2026,Naogaon,Silver Carp,Fish,165.0
2026,Naogaon,Singhi,Fish,475.0
2026,Naogaon,Sonali Chicken,Chicken,301.44
2026,Naogaon,Telapia/Nilotica,Fish,190.0
2026,Narail,Chinigura Rice,Rice,132.09
2026,Narail,Farm-raised Hen,Chicken,179.84
2026,Narail,Kalojira,Rice,132.09
2026,Narail,Katla-Small (1.50-2.00 kg),Fish,321.71
2026,Narail,Pangash (big),Fish,155.7
2026,Narail,Rice - Boro - Hybrid - Coarse,Rice,48.2
2026,Narail,Rice - Boro - Hybrid - Medium,Rice,57.41
2026,Narail,Rice-Boro-Hybrid -Fine,Rice,66.61
2026,Narail,Ruhi (Local) - small (1.50-2.00 kg),Fish,338.92
2026,Narail,Silver Carp,Fish,176.55
2026,Narail,Sonali Chicken,Chicken,300.05
2026,Narail,Telapia/Nilotica,Fish,164.65
2026,Narayanganj,Broiler Farm,Chicken,174.17
2026,Narayanganj,Chinigura Rice,Rice,151.67
2026,Narayanganj,Katla-Medium (2.50-4.50 kg),Fish,340.0
2026,Narayanganj,Pangash (big),Fish,190.0
2026,Narayanganj,Rice - Boro - Hybrid - Coarse,Rice,50.58
2026,Narayanganj,Rice - Boro - Hybrid - Medium,Rice,56.75
2026,Narayanganj,Rice-Boro-Hybrid -Fine,Rice,81.0
2026,Narayanganj,Ruhi (Local) - medium (2.50-4.50 kg),Fish,355.0
2026,Narayanganj,Ruhi (Local) big (above 5 kg),Fish,475.0
2026,Narayanganj,Telapia/Nilotica,Fish,190.0
2026,Narsingdi,Broiler chicken,Chicken,172.76999999999998
2026,Narsingdi,Chinigura Rice,Rice,140.95999999999998
2026,Narsingdi,Hilsha (500-900) gm,Fish,1195.29
2026,Narsingdi,Katla-Small (1.50-2.00 kg),Fish,304.75
2026,Narsingdi,Pangash (big),Fish,157.88
2026,Narsingdi,Pangash (small),Fish,195.87
2026,Narsingdi,Rice - Amon - Hybrid - Coarse,Rice,46.8
2026,Narsingdi,Rice - Amon - Hybrid - Medium,Rice,56.925
2026,Narsingdi,Rice - Amon - Hybrid - Narrow,Rice,80.18
2026,Narsingdi,Rice - Boro - Hybrid - Coarse,Rice,51.76
2026,Narsingdi,Rice - Boro - Hybrid - Medium,Rice,60.545
2026,Narsingdi,Rice-Boro-Hybrid -Fine,Rice,82.84
2026,Narsingdi,Ruhi (Imported) medium (2.50-4.50 kg),Fish,340.335
2026,Narsingdi,Ruhi (Imported) small (1.50-2.00 kg),Fish,295.95
2026,Narsingdi,Ruhi (Local) - medium (2.50-4.50 kg),Fish,375.6
2026,Narsingdi,Ruhi (Local) - small (1.50-2.00 kg),Fish,323.89
2026,Narsingdi,Sonali Chicken,Chicken,333.5
2026,Narsingdi,Telapia/Nilotica,Fish,180.41
2026,Natore,Chinigura Rice,Rice,134.44
2026,Natore,Farm-raised Hen,Chicken,166.01
2026,Natore,Kalojira,Rice,117.67
2026,Natore,Katla-Medium (2.50-4.50 kg),Fish,375.0
2026,Natore,Katla-Small (1.50-2.00 kg),Fish,320.0
2026,Natore,Rice - Aman - Coarse,Rice,53.0
2026,Natore,Rice - Aman - Medium,Rice,57.0
2026,Natore,Rice - Boro - Hybrid - Coarse,Rice,49.0
2026,Natore,Rice-Boro-Hybrid -Fine,Rice,68.0
2026,Natore,Rice-Boro-Medium,Rice,58.0
2026,Natore,Ruhi (Imported) small (1.50-2.00 kg),Fish,314.28
2026,Natore,Ruhi (Local) - medium (2.50-4.50 kg),Fish,425.0
2026,Natore,Sonali Chicken,Chicken,281.92
2026,Netrokona,Boal-big,Fish,850.0
2026,Netrokona,Boal-small,Fish,604.82
2026,Netrokona,Broiler chicken,Chicken,169.54
2026,Netrokona,Farm-raised Hen,Chicken,169.55
2026,Netrokona,Grass carp,Fish,249.28
2026,Netrokona,Mregal-small,Fish,228.87
2026,Netrokona,Pangash (big),Fish,158.75
2026,Netrokona,Pangash (small),Fish,195.0
2026,Netrokona,Rice - Aman - Coarse,Rice,48.8
2026,Netrokona,Rice - Aman - Medium,Rice,58.01
2026,Netrokona,Rice - Aman-Fine,Rice,77.495
2026,Netrokona,Rice - Boro - Hybrid - Coarse,Rice,50.59
2026,Netrokona,Rice - Boro - Hybrid - Medium,Rice,58.125
2026,Netrokona,Rice-Boro-Fine,Rice,75.325
2026,Netrokona,Ruhi (Local) - small (1.50-2.00 kg),Fish,331.805
2026,Netrokona,Silver Carp,Fish,168.64
2026,Netrokona,Singhi,Fish,275.45
2026,Nilphamari,Broiler chicken,Chicken,172.33666666666667
2026,Nilphamari,Chinigura Rice,Rice,157.05666666666667
2026,Nilphamari,Hilsha (500-900) gm,Fish,1600.0
2026,Nilphamari,Kalojira,Rice,210.0
2026,Nilphamari,Katla-Medium (2.50-4.50 kg),Fish,335.0
2026,Nilphamari,Katla-Small (1.50-2.00 kg),Fish,288.59666666666664
2026,Nilphamari,Local Hen - Big (above 900 gm),Chicken,602.5
2026,Nilphamari,Local Hen - Medium (700-850 gm),Chicken,575.7966666666666
2026,Nilphamari,Mregal-big,Fish,270.0
2026,Nilphamari,Mregal-small,Fish,255.0
2026,Nilphamari,Pangash (big),Fish,154.66666666666666
2026,Nilphamari,Pangash (small),Fish,235.0
2026,Nilphamari,Rice - Aman - Coarse,Rice,46.56
2026,Nilphamari,Rice - Amon - Hybrid - Medium,Rice,59.0
2026,Nilphamari,Rice - Boro - Hybrid - Medium,Rice,60.22
2026,Nilphamari,Rice-Boro-Hybrid -Fine,Rice,72.88499999999999
2026,Nilphamari,Ruhi (Local) - medium (2.50-4.50 kg),Fish,381.75
2026,Nilphamari,Ruhi (Local) - small (1.50-2.00 kg),Fish,307.24
2026,Nilphamari,Sonali Chicken,Chicken,317.59
2026,Noakhali,Broiler chicken,Chicken,167.85
2026,Noakhali,Katla-Medium (2.50-4.50 kg),Fish,399.55
2026,Noakhali,Katla-Small (1.50-2.00 kg),Fish,264.07
2026,Noakhali,Pangash (small),Fish,187.745
2026,Noakhali,Rice - Aman - Pajam,Rice,59.005
2026,Noakhali,Rice - Boro - Hybrid - Coarse,Rice,50.89
2026,Noakhali,Rice - Boro - Hybrid - Medium,Rice,60.565
2026,Noakhali,Rice-Boro-Hybrid -Fine,Rice,81.89
2026,Noakhali,Ruhi (Imported) medium (2.50-4.50 kg),Fish,414.17
2026,Noakhali,Sonali Chicken,Chicken,292.475
2026,Noakhali,Telapia/Nilotica,Fish,204.89
2026,Pabna,Chinigura Rice,Rice,146.48
2026,Pabna,Farm-raised Hen,Chicken,243.41
2026,Pabna,Grass carp,Fish,215.0
2026,Pabna,Hilsha (500-900) gm,Fish,1751.91
2026,Pabna,Katla-Medium (2.50-4.50 kg),Fish,425.38
2026,Pabna,Mregal-small,Fish,200.0
2026,Pabna,Pangash (small),Fish,190.0
2026,Pabna,Rice - Boro - Hybrid - Medium,Rice,65.0
2026,Pabna,Rice-Boro-Hybrid -Fine,Rice,82.5
2026,Pabna,Ricel-Boro-Mota,Rice,49.0
2026,Pabna,Ruhi (Local) - medium (2.50-4.50 kg),Fish,450.25
2026,Pabna,Silver Carp,Fish,177.29
2026,Pabna,Telapia/Nilotica,Fish,184.87
2026,Panchagarh,Broiler chicken,Chicken,173.81
2026,Panchagarh,Chinigura Rice,Rice,125.93
2026,Panchagarh,Katla-Small (1.50-2.00 kg),Fish,267.08
2026,Panchagarh,Local Hen - Big (above 900 gm),Chicken,528.53
2026,Panchagarh,Pangash (small),Fish,174.76
2026,Panchagarh,Rice - Aman - Coarse,Rice,46.96
2026,Panchagarh,Rice - Aman - Pajam,Rice,48.14
2026,Panchagarh,Ruhi (Local) - small (1.50-2.00 kg),Fish,240.03
2026,Panchagarh,Sonali Chicken,Chicken,302.71
2026,Pirojpur,Broiler chicken,Chicken,180.69
2026,Pirojpur,Local Hen - Big (above 900 gm),Chicken,500.4
2026,Pirojpur,Pangash (big),Fish,188.66500000000002
2026,Pirojpur,Rice - Aman - Coarse,Rice,59.375
2026,Pirojpur,Rice - Boro - Hybrid - Coarse,Rice,50.114999999999995
2026,Pirojpur,Rice-Boro-Fine,Rice,77.335
2026,Pirojpur,Rice-Boro-Medium,Rice,57.075
2026,Pirojpur,Ruhi (Local) - small (1.50-2.00 kg),Fish,265.0
2026,Pirojpur,Telapia/Nilotica,Fish,180.465
2026,Rajbari,Farm-raised Hen,Chicken,181.17
2026,Rajbari,Katla-Small (1.50-2.00 kg),Fish,351.84
2026,Rajbari,Mregal-small,Fish,172.22
2026,Rajbari,Pangash (big),Fish,198.07
2026,Rajbari,Rice - Boro - Hybrid - Coarse,Rice,49.96
2026,Rajbari,Rice - Boro - Hybrid - Medium,Rice,59.99
2026,Rajbari,Rice-Boro-Hybrid -Fine,Rice,71.1
2026,Rajbari,Ruhi (Local) - small (1.50-2.00 kg),Fish,383.58
2026,Rajshahi,Broiler chicken,Chicken,175.11666666666667
2026,Rajshahi,Kai,Fish,188.59
2026,Rajshahi,Katla-Medium (2.50-4.50 kg),Fish,323.79499999999996
2026,Rajshahi,Katla-Small (1.50-2.00 kg),Fish,225.20000000000002
2026,Rajshahi,Local Hen - Medium (700-850 gm),Chicken,547.9749999999999
2026,Rajshahi,Mregal-big,Fish,260.0
2026,Rajshahi,Mregal-small,Fish,184.29500000000002
2026,Rajshahi,Pangash (big),Fish,186.79500000000002
2026,Rajshahi,Pangash (small),Fish,234.13
2026,Rajshahi,Rice - Aman - Coarse,Rice,52.285
2026,Rajshahi,Rice - Aman - Medium,Rice,65.83
2026,Rajshahi,Rice - Aman-Fine,Rice,80.67
2026,Rajshahi,Rice - Amon - Hybrid - Coarse,Rice,54.09
2026,Rajshahi,Rice - Amon - Hybrid - Narrow,Rice,81.43
2026,Rajshahi,Rice - Boro - Hybrid - Medium,Rice,61.23
2026,Rajshahi,Rice-Boro-Fine,Rice,76.65
2026,Rajshahi,Ruhi (Local) - medium (2.50-4.50 kg),Fish,398.52
2026,Rajshahi,Ruhi (Local) - small (1.50-2.00 kg),Fish,295.81
2026,Rajshahi,Silver Carp,Fish,184.29500000000002
2026,Rajshahi,Sonali Chicken,Chicken,305.55
2026,Rajshahi,Telapia/Nilotica,Fish,179.315
2026,Rangamati,Ahire-small,Fish,467.7
2026,Rangamati,Broiler chicken,Chicken,179.42
2026,Rangamati,Chinigura Rice,Rice,159.53
2026,Rangamati,Grass carp,Fish,223.26
2026,Rangamati,Kataribhog,Rice,90.19
2026,Rangamati,Katla (Local),Fish,400.0
2026,Rangamati,Katla-Big (above 5 Kg),Fish,779.78
2026,Rangamati,Katla-Medium (2.50-4.50 kg),Fish,449.38
2026,Rangamati,Katla-Small (1.50-2.00 kg),Fish,351.0
2026,Rangamati,Local Hen - Big (above 900 gm),Chicken,576.79
2026,Rangamati,Local Hen - Medium (700-850 gm),Chicken,583.26
2026,Rangamati,Mregal-big,Fish,391.29
2026,Rangamati,Mregal-small,Fish,255.0
2026,Rangamati,Pangash (big),Fish,177.5
2026,Rangamati,Pangash (small),Fish,198.85
2026,Rangamati,Rice - Aman - Coarse,Rice,49.945
2026,Rangamati,Rice - Aman - Medium,Rice,64.57
2026,Rangamati,Rice - Aman-Fine,Rice,82.215
2026,Rangamati,Rice - Amon - Hybrid - Narrow,Rice,87.37
2026,Rangamati,Rice - Atap,Rice,47.18
2026,Rangamati,Rice - Boro - Hybrid - Coarse,Rice,50.53
2026,Rangamati,Rice - Boro - Hybrid - Medium,Rice,64.72
2026,Rangamati,Rice-Boro-Hybrid -Fine,Rice,74.93
2026,Rangamati,Rice-Boro-Medium,Rice,59.0
2026,Rangamati,Ruhi (Imported) medium (2.50-4.50 kg),Fish,413.34
2026,Rangamati,Ruhi (Local) - small (1.50-2.00 kg),Fish,357.62
2026,Rangamati,Shrimp Golda,Fish,950.0
2026,Rangamati,Shrimp-small,Fish,596.07
2026,Rangamati,Silver Carp,Fish,240.725
2026,Rangamati,Sonali Chicken,Chicken,339.72
2026,Rangamati,Telapia/Nilotica,Fish,215.6
2026,Rangpur,Broiler chicken,Chicken,167.14
2026,Rangpur,Farm-raised Hen,Chicken,176.96
2026,Rangpur,Pangash (big),Fish,187.595
2026,Rangpur,Rice - Aman - Coarse,Rice,47.765
2026,Rangpur,Rice - Aman - Medium,Rice,54.64
2026,Rangpur,Rice - Amon - Hybrid - Medium,Rice,63.0
2026,Rangpur,Rice - Amon - Hybrid - Narrow,Rice,80.0
2026,Rangpur,Rice - Boro - Hybrid - Coarse,Rice,44.47
2026,Rangpur,Rice - Boro - Hybrid - Medium,Rice,60.879999999999995
2026,Rangpur,Rice-Boro-Hybrid -Fine,Rice,75.465
2026,Rangpur,Ruhi (Local) - small (1.50-2.00 kg),Fish,328.21500000000003
2026,Rangpur,Sonali Chicken,Chicken,309.125
2026,Rangpur,Telapia/Nilotica,Fish,205.0
2026,Satkhira,Chinigura Rice,Rice,142.9
2026,Satkhira,Farm-raised Hen,Chicken,189.94
2026,Satkhira,Grass carp,Fish,230.0
2026,Satkhira,Kalojira,Rice,134.29
2026,Satkhira,Kataribhog,Rice,102.5
2026,Satkhira,Katla-Small (1.50-2.00 kg),Fish,330.0
2026,Satkhira,Koral,Fish,825.0
2026,Satkhira,Rice - Amon - Hybrid - Coarse,Rice,50.105000000000004
2026,Satkhira,Rice - Amon - Hybrid - Medium,Rice,53.864999999999995
2026,Satkhira,Rice - Boro - Hybrid - Coarse,Rice,50.225
2026,Satkhira,Rice - Boro - Hybrid - Medium,Rice,57.605000000000004
2026,Satkhira,Rice-Boro-Hybrid -Fine,Rice,69.57
2026,Satkhira,Ruhi (Local) - small (1.50-2.00 kg),Fish,370.0
2026,Satkhira,Shrimp Bagda,Fish,1100.0
2026,Satkhira,Shrimp Golda,Fish,1200.0
2026,Satkhira,Shrimp-small,Fish,665.0
2026,Satkhira,Silver Carp,Fish,190.0
2026,Satkhira,Telapia/Nilotica,Fish,161.26
2026,Shariatpur,Chinigura Rice,Rice,147.5
2026,Shariatpur,Farm-raised Hen,Chicken,172.59
2026,Shariatpur,Hilsha (500-900) gm,Fish,1161.54
2026,Shariatpur,Kai,Fish,224.53
2026,Shariatpur,Kalojira,Rice,125.0
2026,Shariatpur,Katla-Medium (2.50-4.50 kg),Fish,460.0
2026,Shariatpur,Mregal-big,Fish,207.59
2026,Shariatpur,Pangash (small),Fish,200.63
2026,Shariatpur,Rice - Boro - Hybrid - Coarse,Rice,53.0
2026,Shariatpur,Rice - Boro - Hybrid - Medium,Rice,63.65
2026,Shariatpur,Rice-Boro-Hybrid -Fine,Rice,77.03
2026,Shariatpur,Ruhi (Local) - medium (2.50-4.50 kg),Fish,475.0
2026,Shariatpur,Silver Carp,Fish,239.24
2026,Shariatpur,Sonali Chicken,Chicken,305.16
2026,Shariatpur,Telapia/Nilotica,Fish,190.63
2026,Sherpur,Broiler chicken,Chicken,168.96
2026,Sherpur,Pangash (big),Fish,216.84
2026,Sherpur,Rice - Aman - Medium,Rice,63.0
2026,Sherpur,Rice - Aman-Super-Fine,Rice,76.5
2026,Sherpur,Rice - Boro - Hybrid - Medium,Rice,59.92
2026,Sherpur,Rice-Boro-Fine,Rice,75.83
2026,Sherpur,Rice-Boro-Hybrid -Fine,Rice,72.33
2026,Sherpur,Rice-Boro-Medium,Rice,62.5
2026,Sherpur,Ricel-Boro-Mota,Rice,51.09
2026,Sherpur,Ruhi (Local) - small (1.50-2.00 kg),Fish,338.16
2026,Sherpur,Sonali Chicken,Chicken,305.0
2026,Sherpur,Telapia/Nilotica,Fish,245.0
2026,Sirajganj,Ahire-big,Fish,1100.0
2026,Sirajganj,Ahire-small,Fish,600.0
2026,Sirajganj,Boal-big,Fish,1200.0
2026,Sirajganj,Boal-small,Fish,475.0
2026,Sirajganj,Broiler chicken,Chicken,160.0
2026,Sirajganj,Chitol-(big),Fish,925.0
2026,Sirajganj,Grass carp,Fish,265.0
2026,Sirajganj,Hilsha (500-900) gm,Fish,1050.0
2026,Sirajganj,Katla-Big (above 5 Kg),Fish,475.0
2026,Sirajganj,Katla-Medium (2.50-4.50 kg),Fish,375.0
2026,Sirajganj,Katla-Small (1.50-2.00 kg),Fish,290.0
2026,Sirajganj,Local Hen - Big (above 900 gm),Chicken,534.17
2026,Sirajganj,Local Hen - Medium (700-850 gm),Chicken,534.17
2026,Sirajganj,Local Hen - Small (500-650 gm),Chicken,534.17
2026,Sirajganj,Mregal-big,Fish,375.0
2026,Sirajganj,Mregal-small,Fish,220.0
2026,Sirajganj,Pangash (big),Fish,200.0
2026,Sirajganj,Pangash (small),Fish,325.0
2026,Sirajganj,Rice - Amon - Hybrid - Medium,Rice,57.5
2026,Sirajganj,Rice - Amon - Hybrid - Narrow,Rice,75.0
2026,Sirajganj,Rice - Boro - Hybrid - Medium,Rice,57.83
2026,Sirajganj,Rice-Boro-Hybrid -Fine,Rice,74.0
2026,Sirajganj,Ricel-Boro-Mota,Rice,48.67
2026,Sirajganj,Ruhi (Local) - medium (2.50-4.50 kg),Fish,450.0
2026,Sirajganj,Ruhi (Local) - small (1.50-2.00 kg),Fish,325.0
2026,Sirajganj,Silver Carp,Fish,230.0
2026,Sirajganj,Sonali Chicken,Chicken,255.0
2026,Sirajganj,Telapia/Nilotica,Fish,190.0
2026,Sunamganj,Chinigura Rice,Rice,145.11
2026,Sunamganj,Farm-raised Hen,Chicken,177.84
2026,Sunamganj,Hilsha (500-900) gm,Fish,1200.0
2026,Sunamganj,Kai,Fish,235.75
2026,Sunamganj,Kalojira,Rice,111.6
2026,Sunamganj,Kataribhog,Rice,92.12
2026,Sunamganj,Katla-Small (1.50-2.00 kg),Fish,351.67
2026,Sunamganj,Pangash (big),Fish,160.82
2026,Sunamganj,Pangash (small),Fish,191.7
2026,Sunamganj,Rice - Aman-Fine,Rice,76.56
2026,Sunamganj,Rice - Boro - Hybrid - Coarse,Rice,45.54
2026,Sunamganj,Rice - Boro - Hybrid - Medium,Rice,60.53
2026,Sunamganj,Ruhi (Imported) small (1.50-2.00 kg),Fish,386.73
2026,Sunamganj,Ruhi (Local) - small (1.50-2.00 kg),Fish,386.73
2026,Sunamganj,Shrimp-small,Fish,579.25
2026,Sunamganj,Sonali Chicken,Chicken,333.17
2026,Sunamganj,Telapia/Nilotica,Fish,193.01
2026,Sylhet,Broiler chicken,Chicken,179.64666666666668
2026,Sylhet,Chinigura Rice,Rice,150.98666666666665
2026,Sylhet,Farm-raised Hen,Chicken,171.84
2026,Sylhet,Hilsha (500-900) gm,Fish,1769.37
2026,Sylhet,Kai,Fish,257.625
2026,Sylhet,Kalojira,Rice,98.33500000000001
2026,Sylhet,Katla-Small (1.50-2.00 kg),Fish,317.665
2026,Sylhet,Mregal-big,Fish,404.46000000000004
2026,Sylhet,Mregal-small,Fish,288.53999999999996
2026,Sylhet,Pangash (big),Fish,178.66
2026,Sylhet,Pangash (small),Fish,226.385
2026,Sylhet,Rice - Aman - Coarse,Rice,55.61
2026,Sylhet,Rice - Aman - Medium,Rice,65.5
2026,Sylhet,Rice - Aman-Fine,Rice,81.78
2026,Sylhet,Rice - Amon - Hybrid - Coarse,Rice,51.5
2026,Sylhet,Rice - Amon - Hybrid - Medium,Rice,60.0
2026,Sylhet,Rice - Amon - Hybrid - Narrow,Rice,72.5
2026,Sylhet,Rice - Boro - Hybrid - Coarse,Rice,54.0
2026,Sylhet,Rice - Boro - Hybrid - Medium,Rice,62.5
2026,Sylhet,Rice-Boro-Hybrid -Fine,Rice,76.5
2026,Sylhet,Ruhi (Local) - small (1.50-2.00 kg),Fish,329.44
2026,Sylhet,Sonali Chicken,Chicken,432.81
2026,Sylhet,Telapia/Nilotica,Fish,185.125
2026,Tangail,Broiler chicken,Chicken,169.13
2026,Tangail,Farm-raised Hen,Chicken,170.94
2026,Tangail,Katla (Local),Fish,300.12
2026,Tangail,Katla-Medium (2.50-4.50 kg),Fish,332.56
2026,Tangail,Katla-Small (1.50-2.00 kg),Fish,305.54
2026,Tangail,Mregal-small,Fish,248.125
2026,Tangail,Pangash (big),Fish,183.255
2026,Tangail,Rice - Aman - Coarse,Rice,49.95
2026,Tangail,Rice - Aman - Medium,Rice,57.9
2026,Tangail,Rice - Aman-Fine,Rice,79.04666666666667
2026,Tangail,Rice - Boro - Hybrid - Medium,Rice,49.675
2026,Tangail,Rice-Boro-Hybrid -Fine,Rice,49.5
2026,Tangail,Rice-Boro-Medium,Rice,53.83
2026,Tangail,Ricel-Boro-Mota,Rice,49.0
2026,Tangail,Ruhi (Local) - medium (2.50-4.50 kg),Fish,375.0
2026,Tangail,Ruhi (Local) - small (1.50-2.00 kg),Fish,613.115
2026,Tangail,Silver Carp,Fish,186.22
2026,Tangail,Telapia/Nilotica,Fish,185.0
2026,Thakurgaon,Broiler chicken,Chicken,172.9
2026,Thakurgaon,Grass carp,Fish,281.86
2026,Thakurgaon,Katla-Small (1.50-2.00 kg),Fish,328.53
2026,Thakurgaon,Local Hen - Small (500-650 gm),Chicken,542.92
2026,Thakurgaon,Mregal-small,Fish,253.37
2026,Thakurgaon,Pangash (big),Fish,180.26
2026,Thakurgaon,Rice - Aman - Coarse,Rice,49.83
2026,Thakurgaon,Rice - Aman - Medium,Rice,59.14
2026,Thakurgaon,Rice - Amon - Hybrid - Medium,Rice,62.0
2026,Thakurgaon,Rice - Boro - Hybrid - Medium,Rice,60.17
2026,Thakurgaon,Rice-Boro-Hybrid -Fine,Rice,72.8
2026,Thakurgaon,Ruhi (Local) - small (1.50-2.00 kg),Fish,326.41
2026,Thakurgaon,Silver Carp,Fish,242.12
2026,Thakurgaon,Sonali Chicken,Chicken,296.76
2026,Thakurgaon,Telapia/Nilotica,Fish,202.47
