Division,District,Upazila,Market Name,Commodity Name,Year,Retail Unit,Retail Price,Average Price,Whole Sale Unit,Wholesale price,Average Price
Chattagram,Comilla,Chandina,Chandina Bazar,Broiler chicken,2026,Kilogram,175.17--182.46,178.81,Quintal,"15,966.67--16,437.5","16,202.08"
Chattagram,Comilla,Chandina,Chandina Bazar,Sonali Chicken,2026,Kilogram,308.92--319.42,314.17,Quintal,"28,200--28,894.17","28,547.08"
Chattagram,Comilla,Comilla Sadar,Comilla Sadar Bazar,Local Hen - Medium (700-850 gm),2025,Kilogram,586.54--614.62,600.58,Quintal,"53,038.46--55,115.38","54,076.92"
Chattagram,Comilla,Comilla Sadar,Comilla Sadar Bazar,Broiler chicken,2025,Kilogram,155.04--160.62,157.83,Quintal,"14,123.85--14,499.23","14,311.54"
Chattagram,Comilla,Comilla Sadar,Comilla Sadar Bazar,Sonali Chicken,2025,Kilogram,237.62--250.38,244,Quintal,"19,969.23--21,415.38","20,692.31"
Chattagram,Comilla,Comilla Sadar,Comilla Sadar Bazar,Local Hen - Medium (700-850 gm),2026,Kilogram,550--600,575,Quintal,"45,000--50,000","47,500"
Chattagram,Comilla,Comilla Sadar,Comilla Sadar Bazar,Broiler chicken,2026,Kilogram,168.25--174.01,171.13,Quintal,"15,828.03--16,214.65","16,021.34"
Chattagram,Comilla,Comilla Sadar,Comilla Sadar Bazar,Sonali Chicken,2026,Kilogram,310--321.66,315.83,Quintal,"28,847.13--29,910.83","29,378.98"
Chattagram,Comilla,Burichang,Kangshanagar Bazar,Broiler chicken,2026,Kilogram,174.04--179.76,176.9,Quintal,"16,490.38--16,931.73","16,711.06"
Chattagram,Comilla,Burichang,Kangshanagar Bazar,Sonali Chicken,2026,Kilogram,311.15--323.85,317.5,Quintal,"28,653.85--29,634.62","29,144.23"
Chattagram,Comilla,Burichang,Burichong Bazar,Broiler chicken,2026,Kilogram,173.1--178.33,175.71,Quintal,"15,476.19--15,947.62","15,711.90"
Chattagram,Comilla,Burichang,Burichong Bazar,Sonali Chicken,2026,Kilogram,287.62--300.95,294.29,Quintal,"26,761.9--27,928.57","27,345.24"
Chattagram,Comilla,Lalmai,Lalmai Bazar,Broiler chicken,2026,Kilogram,172.5--179.17,175.83,Quintal,"16,100--16,583.33","16,341.67"
Chattagram,Comilla,Lalmai,Lalmai Bazar,Sonali Chicken,2026,Kilogram,314.17--325,319.58,Quintal,"29,291.67--30,291.67","29,791.67"
Chattagram,Feni,Chhagalnaiya,Chagalnaiya Bazar,Broiler chicken,2026,Kilogram,177.18--182.48,179.83,Quintal,"16,044.44--16,391.67","16,218.06"
Chattagram,Feni,Chhagalnaiya,Chagalnaiya Bazar,Sonali Chicken,2026,Kilogram,331.03--340.92,335.98,Quintal,"30,989.13--31,618.48","31,303.80"
Chattagram,Feni,Feni Sadar,Feni Sadar,Broiler chicken,2025,Kilogram,155.32--160.36,157.84,Quintal,"14,089.52--14,344.35","14,216.94"
Chattagram,Feni,Feni Sadar,Feni Sadar,Sonali Chicken,2025,Kilogram,287.6--295.29,291.45,Quintal,"26,856.86--27,324.51","27,090.69"
Chattagram,Feni,Feni Sadar,Feni Sadar,Broiler chicken,2026,Kilogram,171.28--176.44,173.86,Quintal,"15,652.35--15,801.34","15,726.85"
Chattagram,Feni,Feni Sadar,Feni Sadar,Sonali Chicken,2026,Kilogram,317.82--330,323.91,Quintal,"29,577.18--29,572.48","29,574.83"
Chattagram,Brahmanbaria,Brahmanbaria Sadar,Brahmanbaria Sadar Bazar,Local Hen - Big (above 900 gm),2025,Kilogram,585.55--606.53,596.04,Quintal,"54,810.22--55,890.51","55,350.36"
Chattagram,Brahmanbaria,Brahmanbaria Sadar,Brahmanbaria Sadar Bazar,Farm-raised Hen,2025,Kilogram,152.85--158.04,155.45,Quintal,"14,025.55--14,208.76","14,117.15"
Chattagram,Brahmanbaria,Brahmanbaria Sadar,Brahmanbaria Sadar Bazar,Sonali Chicken,2025,Kilogram,284.23--294.31,289.27,Quintal,"26,498.54--27,093.43","26,795.99"
Chattagram,Brahmanbaria,Brahmanbaria Sadar,Brahmanbaria Sadar Bazar,Local Hen - Big (above 900 gm),2026,Kilogram,688.54--705.86,697.2,Quintal,"64,203.82--65,802.55","65,003.18"
Chattagram,Brahmanbaria,Brahmanbaria Sadar,Brahmanbaria Sadar Bazar,Farm-raised Hen,2026,Kilogram,169.11--175,172.05,Quintal,"15,464.97--15,803.18","15,634.08"
Chattagram,Brahmanbaria,Brahmanbaria Sadar,Brahmanbaria Sadar Bazar,Sonali Chicken,2026,Kilogram,313.79--328.28,321.04,Quintal,"29,217.83--30,256.69","29,737.26"
Chattagram,Brahmanbaria,Bijoynagar,Amtoli Bazar,Local Hen - Big (above 900 gm),2026,Kilogram,709--719.8,714.4,Quintal,"66,820--67,980","67,400"
Chattagram,Brahmanbaria,Bijoynagar,Amtoli Bazar,Broiler chicken,2026,Kilogram,166.89--172.15,169.52,Quintal,"15,324--15,680","15,502"
Chattagram,Brahmanbaria,Bijoynagar,Amtoli Bazar,Sonali Chicken,2026,Kilogram,324.15--338.7,331.43,Quintal,"30,265--31,317","30,791"
Chattagram,Rangamati,Rangamati Sadar,Rangamati Sadar Bazar,Local Hen - Medium (700-850 gm),2025,Kilogram,512.41--525.49,518.95,Quintal,"48,902.26--50,052.63","49,477.44"
Chattagram,Rangamati,Rangamati Sadar,Rangamati Sadar Bazar,Broiler chicken,2025,Kilogram,764.21--163.38,463.8,Quintal,"14,026.32--14,537.59","14,281.95"
Chattagram,Rangamati,Rangamati Sadar,Rangamati Sadar Bazar,Sonali Chicken,2025,Kilogram,491.95--324.29,408.12,Quintal,"28,469.92--29,492.48","28,981.20"
Chattagram,Rangamati,Rangamati Sadar,Rangamati Sadar Bazar,Local Hen - Big (above 900 gm),2025,Kilogram,498.87--516.98,507.92,Quintal,"47,655.66--48,830.19","48,242.92"
Chattagram,Rangamati,Rangamati Sadar,Rangamati Sadar Bazar,Local Hen - Big (above 900 gm),2026,Kilogram,569.79--583.79,576.79,Quintal,"55,117.24--54,591.03","54,854.14"
Chattagram,Rangamati,Rangamati Sadar,Rangamati Sadar Bazar,Local Hen - Medium (700-850 gm),2026,Kilogram,576.76--589.76,583.26,Quintal,"55,672.41--56,931.03","56,301.72"
Chattagram,Rangamati,Rangamati Sadar,Rangamati Sadar Bazar,Broiler chicken,2026,Kilogram,169.97--191.34,180.66,Quintal,"15,071.72--15,640","15,355.86"
Chattagram,Rangamati,Rangamati Sadar,Rangamati Sadar Bazar,Sonali Chicken,2026,Kilogram,333.86--345.59,339.72,Quintal,"31,234.48--32,510.34","31,872.41"
Chattagram,Rangamati,Kaptai,Kaptai Bazar,Broiler chicken,2026,Kilogram,176.01--179.3,177.66,Quintal,"16,628.09--16,805.62","16,716.85"
Chattagram,Rangamati,Kawkhali,Kaukhali Bazar,Broiler chicken,2026,Kilogram,175.08--184.79,179.94,Quintal,"16,300--17,241.67","16,770.83"
Chattagram,Noakhali,Noakhali Sadar,Noakhali Sadar Bazar,Broiler chicken,2025,Kilogram,152.14--159.96,156.05,Quintal,"13,935.04--14,400","14,167.52"
Chattagram,Noakhali,Noakhali Sadar,Noakhali Sadar Bazar,Sonali Chicken,2025,Kilogram,266.07--278.21,272.14,Quintal,"24,435.9--25,700.85","25,068.38"
Chattagram,Noakhali,Noakhali Sadar,Noakhali Sadar Bazar,Broiler chicken,2026,Kilogram,166.15--175.37,170.76,Quintal,"14,951.85--15,637.04","15,294.44"
Chattagram,Noakhali,Noakhali Sadar,Noakhali Sadar Bazar,Sonali Chicken,2026,Kilogram,287.89--298.96,293.43,Quintal,"26,688.89--27,737.04","27,212.96"
Chattagram,Noakhali,Begumganj,Begumganj Bazar,Broiler chicken,2026,Kilogram,161.95--167.93,164.94,Quintal,"14,621.95--15,359.76","14,990.85"
Chattagram,Noakhali,Begumganj,Begumganj Bazar,Sonali Chicken,2026,Kilogram,285.85--297.2,291.52,Quintal,"9,189.63--27,524.39","18,357.01"
Chattagram,Chandpur,Chandpur Sadar,Chandpur Sadaar,Broiler chicken,2025,Kilogram,153.2--158.2,155.7,Quintal,"14,538.97--14,871.32","14,705.15"
Chattagram,Chandpur,Chandpur Sadar,Chandpur Sadaar,Sonali Chicken,2025,Kilogram,265.37--273.27,269.32,Quintal,"25,091.18--25,533.82","25,312.50"
Chattagram,Chandpur,Chandpur Sadar,Chandpur Sadaar,Broiler chicken,2026,Kilogram,171.4--176.46,173.93,Quintal,"25,120.38--16,422.29","20,771.34"
Chattagram,Chandpur,Chandpur Sadar,Chandpur Sadaar,Sonali Chicken,2026,Kilogram,297.77--374.68,336.23,Quintal,"27,656.05--28,269.43","27,962.74"
Chattagram,Chandpur,Hajiganj,Hajiganj Bazar,Broiler chicken,2026,Kilogram,131.25--135,133.13,Quintal,"12,000--12,375","12,187.50"
Chattagram,Chandpur,Hajiganj,Hajiganj Bazar,Sonali Chicken,2026,Kilogram,208.75--215,211.88,Quintal,"19,625--20,375","20,000"
Chattagram,Lakshmipur,Lakshmipur Sadar,"Sadar Bazar, Lakshmipur",Local Hen - Medium (700-850 gm),2025,Kilogram,520--550,535,Quintal,"48,000--49,000","48,500"
Chattagram,Lakshmipur,Lakshmipur Sadar,"Sadar Bazar, Lakshmipur",Farm-raised Hen,2025,Kilogram,158.7--164.8,161.75,Quintal,"13,279.53--13,680.31","13,479.92"
Chattagram,Lakshmipur,Lakshmipur Sadar,"Sadar Bazar, Lakshmipur",Sonali Chicken,2025,Kilogram,264.33--277.48,270.91,Quintal,"23,653.54--24,231.5","23,942.52"
Chattagram,Lakshmipur,Lakshmipur Sadar,"Sadar Bazar, Lakshmipur",Farm-raised Hen,2026,Kilogram,169.62--167.08,168.35,Quintal,"14,863--15,508.67","15,185.83"
Chattagram,Lakshmipur,Lakshmipur Sadar,"Sadar Bazar, Lakshmipur",Sonali Chicken,2026,Kilogram,290.27--304.27,297.27,Quintal,"25,773.33--24,329.33","25,051.33"
Chattagram,Lakshmipur,Raipur,Raipur Bazar,Broiler chicken,2026,Kilogram,171.14--176.87,174,Quintal,"15,282.46--15,653.51","15,467.98"
Chattagram,Chattogram,Chattogram City Corporation,Chittagong Sadar Bazar,Local Hen - Medium (700-850 gm),2025,Kilogram,551.82--563.64,557.73,Quintal,"50,363.64--53,181.82","51,772.73"
Chattagram,Chattogram,Chattogram City Corporation,Chittagong Sadar Bazar,Broiler chicken,2025,Kilogram,150.68--157.95,154.32,Quintal,"13,863.64--14,431.82","14,147.73"
Chattagram,Chattogram,Chattogram City Corporation,Chittagong Sadar Bazar,Sonali Chicken,2025,Kilogram,275.23--283.18,279.2,Quintal,"25,750--26,500","26,125"
Chattagram,Chattogram,Chattogram City Corporation,Chittagong Sadar Bazar,Local Hen - Medium (700-850 gm),2026,Kilogram,615.46--638.76,627.11,Quintal,"57,477.12--58,875.82","58,176.47"
Chattagram,Chattogram,Chattogram City Corporation,Chittagong Sadar Bazar,Broiler chicken,2026,Kilogram,170.74--176.14,173.44,Quintal,"15,643.14--16,106.54","15,874.84"
Chattagram,Chattogram,Chattogram City Corporation,Chittagong Sadar Bazar,Sonali Chicken,2026,Kilogram,322.71--335.95,329.33,Quintal,"29,996.73--30,935.29","30,466.01"
Chattagram,Coxsbazar,Coxsbazar Sadar,Cox's Bazar Sadar,Local Hen - Big (above 900 gm),2025,Kilogram,548.64--580.93,564.79,Quintal,"51,625--54,682.14","53,153.57"
Chattagram,Coxsbazar,Coxsbazar Sadar,Cox's Bazar Sadar,Broiler chicken,2025,Kilogram,168.11--174.21,171.16,Quintal,"14,953.57--15,571.43","15,262.50"
Chattagram,Coxsbazar,Coxsbazar Sadar,Cox's Bazar Sadar,Sonali Chicken,2025,Kilogram,283.54--294.21,288.88,Quintal,"25,914.29--26,942.86","26,428.57"
Chattagram,Coxsbazar,Coxsbazar Sadar,Cox's Bazar Sadar,Local Hen - Big (above 900 gm),2026,Kilogram,626.37--663.95,645.16,Quintal,"59,694.27--63,385.35","61,539.81"
Chattagram,Coxsbazar,Coxsbazar Sadar,Cox's Bazar Sadar,Broiler chicken,2026,Kilogram,179.21--185.1,182.15,Quintal,"16,750.32--17,302.55","17,026.43"
Chattagram,Coxsbazar,Coxsbazar Sadar,Cox's Bazar Sadar,Sonali Chicken,2026,Kilogram,302.17--311.59,306.88,Quintal,"28,200.64--29,098.73","28,649.68"
Chattagram,Coxsbazar,Chakaria,Chakaria Bazar,Local Hen - Big (above 900 gm),2026,Kilogram,563--595,579,Quintal,"53,800--57,000","55,400"
Chattagram,Coxsbazar,Chakaria,Chakaria Bazar,Broiler chicken,2026,Kilogram,176--181.5,178.75,Quintal,"16,950--17,650","17,300"
Chattagram,Coxsbazar,Chakaria,Chakaria Bazar,Sonali Chicken,2026,Kilogram,275.5--285,280.25,Quintal,"25,650--26,600","26,125"
Chattagram,Khagrachhari,Khagrachhari Sadar,Khagrachari Sadar Pouro Bazar,Local Hen - Big (above 900 gm),2025,Kilogram,519.12--528.86,523.99,Quintal,"50,676.47--51,650.74","51,163.60"
Chattagram,Khagrachhari,Khagrachhari Sadar,Khagrachari Sadar Pouro Bazar,Broiler chicken,2025,Kilogram,170.44--180.44,175.44,Quintal,"16,044.12--17,044.12","16,544.12"
Chattagram,Khagrachhari,Khagrachhari Sadar,Khagrachari Sadar Pouro Bazar,Sonali Chicken,2025,Kilogram,295.51--305.51,300.51,Quintal,"28,551.47--29,551.47","29,051.47"
Chattagram,Khagrachhari,Khagrachhari Sadar,Khagrachari Sadar Pouro Bazar,Local Hen - Big (above 900 gm),2026,Kilogram,591.71--620.07,605.89,Quintal,"57,250--60,085.62","58,667.81"
Chattagram,Khagrachhari,Khagrachhari Sadar,Khagrachari Sadar Pouro Bazar,Broiler chicken,2026,Kilogram,176.92--184.59,180.75,Quintal,"16,691.78--17,458.9","17,075.34"
Chattagram,Khagrachhari,Khagrachhari Sadar,Khagrachari Sadar Pouro Bazar,Sonali Chicken,2026,Kilogram,322.53--332.53,327.53,Quintal,"30,794.52--31,794.52","31,294.52"
Chattagram,Khagrachhari,Matiranga,Matiranga Bazar,Broiler chicken,2026,Kilogram,195--200,197.5,Quintal,"17,500--18,000","17,750"
Chattagram,Khagrachhari,Matiranga,Matiranga Bazar,Sonali Chicken,2026,Kilogram,310--320,315,Quintal,"29,000--30,000","29,500"
Chattagram,Bandarban,Bandarban Sadar,Bandarban Sadar Bazar,Local Hen - Medium (700-850 gm),2025,Kilogram,543.97--557.06,550.51,Quintal,"51,220.59--52,889.71","52,055.15"
Chattagram,Bandarban,Bandarban Sadar,Bandarban Sadar Bazar,Broiler chicken,2025,Kilogram,158.71--165.51,162.11,Quintal,"14,823.53--15,485.29","15,154.41"
Chattagram,Bandarban,Bandarban Sadar,Bandarban Sadar Bazar,Sonali Chicken,2025,Kilogram,267.02--277.5,272.26,Quintal,"23,897.06--24,871.32","24,384.19"
Chattagram,Bandarban,Bandarban Sadar,Bandarban Sadar Bazar,Local Hen - Medium (700-850 gm),2026,Kilogram,594.83--630.26,612.55,Quintal,"55,682.12--58,516.56","57,099.34"
Chattagram,Bandarban,Bandarban Sadar,Bandarban Sadar Bazar,Broiler chicken,2026,Kilogram,390--181.89,285.94,Quintal,"15,866.23--16,662.91","16,264.57"
Chattagram,Bandarban,Bandarban Sadar,Bandarban Sadar Bazar,Sonali Chicken,2026,Kilogram,312.38--324.97,318.68,Quintal,"29,324.5--30,549.67","29,937.09"
Chattagram,Bandarban,Lama,Lama Bazar,Local Hen - Big (above 900 gm),2026,Kilogram,553.44--573.28,563.36,Quintal,"52,106.56--53,098.36","52,602.46"
Chattagram,Bandarban,Lama,Lama Bazar,Broiler chicken,2026,Kilogram,172.46--177.46,174.96,Quintal,"15,400--15,803.28","15,601.64"
Chattagram,Bandarban,Lama,Lama Bazar,Sonali Chicken,2026,Kilogram,348.85--359.02,353.93,Quintal,"31,901.64--32,934.43","32,418.03"
Rajshahi,Sirajganj,Sirajganj Sadar,Sirajganj Sadar Bazar,Local Hen - Big (above 900 gm),2025,Kilogram,528.89--545.56,537.22,Quintal,"51,111.11--52,555.56","51,833.33"
Rajshahi,Sirajganj,Sirajganj Sadar,Sirajganj Sadar Bazar,Local Hen - Medium (700-850 gm),2025,Kilogram,528.89--545.56,537.22,Quintal,"51,111.11--52,555.56","51,833.33"
Rajshahi,Sirajganj,Sirajganj Sadar,Sirajganj Sadar Bazar,Local Hen - Small (500-650 gm),2025,Kilogram,528.89--545.56,537.22,Quintal,"51,111.11--52,555.56","51,833.33"
Rajshahi,Sirajganj,Sirajganj Sadar,Sirajganj Sadar Bazar,Broiler chicken,2025,Kilogram,157.78--167.22,162.5,Quintal,"14,222.22--15,222.22","14,722.22"
Rajshahi,Sirajganj,Sirajganj Sadar,Sirajganj Sadar Bazar,Sonali Chicken,2025,Kilogram,255.56--265.56,260.56,Quintal,"23,777.78--24,777.78","24,277.78"
Rajshahi,Sirajganj,Sirajganj Sadar,Sirajganj Sadar Bazar,Local Hen - Big (above 900 gm),2026,Kilogram,525--543.33,534.17,Quintal,"50,500--52,333.33","51,416.67"
Rajshahi,Sirajganj,Sirajganj Sadar,Sirajganj Sadar Bazar,Local Hen - Medium (700-850 gm),2026,Kilogram,525--543.33,534.17,Quintal,"50,500--52,333.33","51,416.67"
Rajshahi,Sirajganj,Sirajganj Sadar,Sirajganj Sadar Bazar,Local Hen - Small (500-650 gm),2026,Kilogram,525--543.33,534.17,Quintal,"50,500--52,333.33","51,416.67"
Rajshahi,Sirajganj,Sirajganj Sadar,Sirajganj Sadar Bazar,Broiler chicken,2026,Kilogram,155.83--164.17,160,Quintal,"13,916.67--14,750","14,333.33"
Rajshahi,Sirajganj,Sirajganj Sadar,Sirajganj Sadar Bazar,Sonali Chicken,2026,Kilogram,250--260,255,Quintal,"24,000--25,000","24,500"
Rajshahi,Pabna,Pabna Sadar,"Sadar Bazar, Pabna",Farm-raised Hen,2025,Kilogram,161.78--166.72,164.25,Quintal,"14,905.8--15,402.9","15,154.35"
Rajshahi,Pabna,Pabna Sadar,"Sadar Bazar, Pabna",Farm-raised Hen,2026,Kilogram,303.95--182.87,243.41,Quintal,"16,267.52--16,753.5","16,510.51"
Rajshahi,Bogura,Bogra Sadar,Bogra Sadar Bazar,Local Hen - Big (above 900 gm),2025,Kilogram,545.29--562.35,553.82,Quintal,"49,411.76--51,117.65","50,264.71"
Rajshahi,Bogura,Bogra Sadar,Bogra Sadar Bazar,Broiler chicken,2025,Kilogram,153.09--162.94,158.01,Quintal,"14,317.65--15,300","14,808.82"
Rajshahi,Bogura,Bogra Sadar,Bogra Sadar Bazar,Local Hen - Big (above 900 gm),2026,Kilogram,558.87--580.75,569.81,Quintal,"50,792.45--52,490.57","51,641.51"
Rajshahi,Bogura,Bogra Sadar,Bogra Sadar Bazar,Broiler chicken,2026,Kilogram,165.9--174.58,170.24,Quintal,"15,633.96--16,460.38","16,047.17"
Rajshahi,Bogura,Bogra Sadar,Bogra Sadar Bazar,Sonali Chicken,2026,Kilogram,277.78--290.19,283.98,Quintal,"26,314.81--27,314.81","26,814.81"
Rajshahi,Bogura,Sherpur,Sherpur Sadar Bazar (Baroduari Bazar),Local Hen - Big (above 900 gm),2026,Kilogram,500--520,510,Quintal,"48,000--50,000","49,000"
Rajshahi,Bogura,Sherpur,Sherpur Sadar Bazar (Baroduari Bazar),Broiler chicken,2026,Kilogram,156.25--166.25,161.25,Quintal,"14,625--15,625","15,125"
Rajshahi,Bogura,Sherpur,Sherpur Sadar Bazar (Baroduari Bazar),Sonali Chicken,2026,Kilogram,250--260,255,Quintal,"23,000--24,000","23,500"
Rajshahi,Rajshahi,Puthia,Baneshor Bazar,Broiler chicken,2025,Kilogram,160--165,162.5,Quintal,"15,000--15,500","15,250"
Rajshahi,Rajshahi,Puthia,Baneshor Bazar,Sonali Chicken,2025,Kilogram,270--280,275,Quintal,"25,800--26,000","25,900"
Rajshahi,Rajshahi,Puthia,Baneshor Bazar,Broiler chicken,2026,Kilogram,172.44--180.49,176.46,Quintal,"15,597.56--16,195.12","15,896.34"
Rajshahi,Rajshahi,Puthia,Baneshor Bazar,Sonali Chicken,2026,Kilogram,291.22--317.8,304.51,Quintal,"26,719.51--28,841.46","27,780.49"
Rajshahi,Rajshahi,Godagari,Godagari Sadar Bazar,Local Hen - Big (above 900 gm),2026,Kilogram,0--0,0,Quintal,0--0,0
Rajshahi,Rajshahi,Godagari,Godagari Sadar Bazar,Local Hen - Medium (700-850 gm),2026,Kilogram,548.89--530.15,539.52,Quintal,"52,200--53,411.11","52,805.56"
Rajshahi,Rajshahi,Godagari,Godagari Sadar Bazar,Broiler chicken,2026,Kilogram,170--178.67,174.33,Quintal,"15,288.89--15,814.81","15,551.85"
Rajshahi,Rajshahi,Godagari,Godagari Sadar Bazar,Sonali Chicken,2026,Kilogram,291.41--317.04,304.22,Quintal,"26,992.59--29,144.44","28,068.52"
Rajshahi,Rajshahi,Rajshahi City Corporation,Rajshahi Sadar Bazar,Local Hen - Medium (700-850 gm),2025,Kilogram,491.73--509.02,500.38,Quintal,"46,285.71--47,304.51","46,795.11"
Rajshahi,Rajshahi,Rajshahi City Corporation,Rajshahi Sadar Bazar,Broiler chicken,2025,Kilogram,161.24--170.3,165.77,Quintal,"14,454.89--14,981.2","14,718.05"
Rajshahi,Rajshahi,Rajshahi City Corporation,Rajshahi Sadar Bazar,Sonali Chicken,2025,Kilogram,271.8--290.9,281.35,Quintal,"25,075.19--26,887.22","25,981.20"
Rajshahi,Rajshahi,Rajshahi City Corporation,Rajshahi Sadar Bazar,Local Hen - Medium (700-850 gm),2026,Kilogram,549.81--563.05,556.43,Quintal,"52,266.23--53,509.74","52,887.99"
Rajshahi,Rajshahi,Rajshahi City Corporation,Rajshahi Sadar Bazar,Broiler chicken,2026,Kilogram,170.42--178.7,174.56,Quintal,"103,383.12--11,978.57","57,680.84"
Rajshahi,Rajshahi,Rajshahi City Corporation,Rajshahi Sadar Bazar,Sonali Chicken,2026,Kilogram,294.22--321.62,307.92,Quintal,"27,237.01--29,538.96","28,387.99"
Rajshahi,Natore,Natore Sadar,Nator Bazar,Farm-raised Hen,2025,Kilogram,145.04--155.04,150.04,Quintal,"13,503.62--14,503.62","14,003.62"
Rajshahi,Natore,Natore Sadar,Nator Bazar,Sonali Chicken,2025,Kilogram,253.51--263.41,258.46,Quintal,"24,351.45--25,351.45","24,851.45"
Rajshahi,Natore,Natore Sadar,Nator Bazar,Farm-raised Hen,2026,Kilogram,161.26--170.75,166.01,Quintal,"14,871.07--16,053.46","15,462.26"
Rajshahi,Natore,Natore Sadar,Nator Bazar,Sonali Chicken,2026,Kilogram,276.92--286.92,281.92,Quintal,"26,660.38--27,660.38","27,160.38"
Rajshahi,Joypurhat,Joypurhat Sadar,Joypurhat Sadar Bazar,Local Hen - Small (500-650 gm),2025,Kilogram,458.44--472.81,465.63,Quintal,"44,102.96--45,228.15","44,665.56"
Rajshahi,Joypurhat,Joypurhat Sadar,Joypurhat Sadar Bazar,Farm-raised Hen,2025,Kilogram,149.3--155.56,152.43,Quintal,"13,401.48--14,273.33","13,837.41"
Rajshahi,Joypurhat,Joypurhat Sadar,Joypurhat Sadar Bazar,Sonali Chicken,2025,Kilogram,262.14--274.96,268.55,Quintal,"25,049.62--25,990.84","25,520.23"
Rajshahi,Joypurhat,Joypurhat Sadar,Joypurhat Sadar Bazar,Local Hen - Small (500-650 gm),2026,Kilogram,534.55--547.97,541.26,Quintal,"51,639.84--53,349.59","52,494.72"
Rajshahi,Joypurhat,Joypurhat Sadar,Joypurhat Sadar Bazar,Farm-raised Hen,2026,Kilogram,164.15--170.41,167.28,Quintal,"15,353.66--15,804.07","15,578.86"
Rajshahi,Joypurhat,Joypurhat Sadar,Joypurhat Sadar Bazar,Sonali Chicken,2026,Kilogram,280.98--292.85,286.91,Quintal,"26,703.25--27,660.98","27,182.11"
Rajshahi,Chapainawabganj,Chapainawabganj Sadar,Chapainawabganj Sadar Bazar,Local Hen - Medium (700-850 gm),2025,Kilogram,441.95--452.03,446.99,Quintal,"42,221.05--43,488.72","42,854.89"
Rajshahi,Chapainawabganj,Chapainawabganj Sadar,Chapainawabganj Sadar Bazar,Sonali Chicken,2025,Kilogram,239.3--248.2,243.75,Quintal,"22,651.56--23,150","22,900.78"
Rajshahi,Chapainawabganj,Chapainawabganj Sadar,Chapainawabganj Sadar Bazar,Broiler chicken,2025,Kilogram,154.09--158.94,156.52,Quintal,"14,370.73--14,713.01","14,541.87"
Rajshahi,Chapainawabganj,Chapainawabganj Sadar,Chapainawabganj Sadar Bazar,Local Hen - Medium (700-850 gm),2026,Kilogram,510.95--522.47,516.71,Quintal,"49,170.89--50,205.7","49,688.29"
Rajshahi,Chapainawabganj,Chapainawabganj Sadar,Chapainawabganj Sadar Bazar,Broiler chicken,2026,Kilogram,167.5--172.75,170.13,Quintal,"17,639.87--16,146.2","16,893.04"
Rajshahi,Chapainawabganj,Chapainawabganj Sadar,Chapainawabganj Sadar Bazar,Sonali Chicken,2026,Kilogram,261.84--269.18,265.51,Quintal,"23,936.08--24,400.63","24,168.35"
Rajshahi,Chapainawabganj,Shibganj,Shibgonj Sadar Bazar,Local Hen - Medium (700-850 gm),2025,Kilogram,420--430,425,Quintal,"40,000--41,000","40,500"
Rajshahi,Chapainawabganj,Shibganj,Shibgonj Sadar Bazar,Broiler chicken,2025,Kilogram,150--155,152.5,Quintal,"14,000--14,200","14,100"
Rajshahi,Chapainawabganj,Shibganj,Shibgonj Sadar Bazar,Sonali Chicken,2025,Kilogram,210--220,215,Quintal,"19,500--19,700","19,600"
Rajshahi,Chapainawabganj,Shibganj,Shibgonj Sadar Bazar,Local Hen - Medium (700-850 gm),2026,Kilogram,516.08--527.7,521.89,Quintal,"48,206.47--769,726.62","768,484.53"
Rajshahi,Chapainawabganj,Shibganj,Shibgonj Sadar Bazar,Broiler chicken,2026,Kilogram,170.54--176.08,173.31,Quintal,"15,897.29--16,583.45","16,240.37"
Rajshahi,Chapainawabganj,Shibganj,Shibgonj Sadar Bazar,Sonali Chicken,2026,Kilogram,267.41--274.17,270.79,Quintal,"25,646.04--26,240.29","25,943.17"
Rajshahi,Naogaon,Naogaon Sadar,Naogaon Sadar Bazar,Local Hen - Medium (700-850 gm),2025,Kilogram,472.12--491.82,481.97,Quintal,"45,138.69--47,109.49","46,124.09"
Rajshahi,Naogaon,Naogaon Sadar,Naogaon Sadar Bazar,Farm-raised Hen,2025,Kilogram,149.77--160.62,155.2,Quintal,"14,164.23--14,970.8","14,567.52"
Rajshahi,Naogaon,Naogaon Sadar,Naogaon Sadar Bazar,Local Hen - Medium (700-850 gm),2026,Kilogram,531.27--565.89,548.58,Quintal,"51,126.58--54,588.61","52,857.59"
Rajshahi,Naogaon,Naogaon Sadar,Naogaon Sadar Bazar,Farm-raised Hen,2026,Kilogram,162.18--172.09,167.14,Quintal,"14,857.59--15,848.1","15,352.85"
Rajshahi,Naogaon,Sapahar,Sapahar Market,Broiler chicken,2025,Kilogram,145--150,147.5,Quintal,"13,960--14,160","14,060"
Rajshahi,Naogaon,Sapahar,Sapahar Market,Broiler chicken,2026,Kilogram,166.06--173.64,169.85,Quintal,"15,582.78--15,935.1","15,758.94"
Rajshahi,Naogaon,Sapahar,Sapahar Market,Sonali Chicken,2026,Kilogram,296.42--306.46,301.44,Quintal,"27,680.77--28,638.46","28,159.62"
Khulna,Jashore,Manirampur,"Manirampur Bazar, Jessore",Local Hen - Medium (700-850 gm),2026,Kilogram,575--595.83,585.42,Quintal,"51,666.67--53,666.67","52,666.67"
Khulna,Jashore,Manirampur,"Manirampur Bazar, Jessore",Broiler chicken,2026,Kilogram,170--180,175,Quintal,"14,000--14,500","14,250"
Khulna,Jashore,Manirampur,"Manirampur Bazar, Jessore",Sonali Chicken,2026,Kilogram,310--320,315,Quintal,"27,000--29,000","28,000"
Khulna,Jashore,Jessore Sadar,Jessore Sadar Bazar,Local Hen - Medium (700-850 gm),2025,Kilogram,472.09--518.81,495.45,Quintal,"43,492.54--45,664.18","44,578.36"
Khulna,Jashore,Jessore Sadar,Jessore Sadar Bazar,Broiler chicken,2025,Kilogram,153.4--163.17,158.28,Quintal,"13,375.37--14,205.97","13,790.67"
Khulna,Jashore,Jessore Sadar,Jessore Sadar Bazar,Sonali Chicken,2025,Kilogram,269.7--282.09,275.9,Quintal,"24,537.31--25,421.64","24,979.48"
Khulna,Jashore,Jessore Sadar,Jessore Sadar Bazar,Local Hen - Medium (700-850 gm),2026,Kilogram,469.16--519.48,494.32,Quintal,"43,370.13--45,961.04","44,665.58"
Khulna,Jashore,Jessore Sadar,Jessore Sadar Bazar,Broiler chicken,2026,Kilogram,168.51--179.45,173.98,Quintal,"14,787.01--15,383.77","15,085.39"
Khulna,Jashore,Jessore Sadar,Jessore Sadar Bazar,Sonali Chicken,2026,Kilogram,302.11--318.64,310.37,Quintal,"27,811.69--29,003.25","28,407.47"
Khulna,Jashore,Sharsha,Sharsha Bazar,Broiler chicken,2026,Kilogram,170--175,172.5,Quintal,"14,500--15,000","14,750"
Khulna,Jashore,Sharsha,Navaron Bazar,Broiler chicken,2026,Kilogram,174.47--183.95,179.21,Quintal,"14,868.42--15,868.42","15,368.42"
Khulna,Jashore,Sharsha,Navaron Bazar,Sonali Chicken,2026,Kilogram,308.42--329.47,318.95,Quintal,"27,552.63--28,710.53","28,131.58"
Khulna,Satkhira,Kalaroa,Kalaroa Bazar,Farm-raised Hen,2026,Kilogram,188.33--193.89,191.11,Quintal,"17,888.89--18,388.89","18,138.89"
Khulna,Satkhira,Satkhira Sadar,"Sultanpur Bazar, Satkhira",Farm-raised Hen,2025,Kilogram,165.95--170.95,168.45,Quintal,"15,594.89--16,094.89","15,844.89"
Khulna,Satkhira,Satkhira Sadar,"Sultanpur Bazar, Satkhira",Farm-raised Hen,2026,Kilogram,185.92--191.61,188.77,Quintal,"17,591.77--18,161.39","17,876.58"
Khulna,Meherpur,Meherpur Sadar,Meherpur Sadar Bazar,Local Hen - Big (above 900 gm),2025,Kilogram,539.32--657.43,598.38,Quintal,"51,817.86--53,328.57","52,573.21"
Khulna,Meherpur,Meherpur Sadar,Meherpur Sadar Bazar,Farm-raised Hen,2025,Kilogram,165.11--171.07,168.09,Quintal,"14,932.14--15,397.86","15,165"
Khulna,Meherpur,Meherpur Sadar,Meherpur Sadar Bazar,Sonali Chicken,2025,Kilogram,264.21--272.93,268.57,Quintal,"48,925--25,546.43","37,235.71"
Khulna,Meherpur,Meherpur Sadar,Meherpur Sadar Bazar,Local Hen - Big (above 900 gm),2026,Kilogram,"1,005.91--1,105.7","1,055.81",Quintal,"8,919.46--9,456.38","48,812.08"
Khulna,Meherpur,Meherpur Sadar,Meherpur Sadar Bazar,Farm-raised Hen,2026,Kilogram,180.7--198.79,189.74,Quintal,"65,711.41--16,859.06","41,285.23"
Khulna,Meherpur,Meherpur Sadar,Meherpur Sadar Bazar,Sonali Chicken,2026,Kilogram,288.56--297.68,293.12,Quintal,"26,795.3--27,741.61","27,268.46"
Khulna,Meherpur,Gangni,Gangni Bazar,Broiler chicken,2026,Kilogram,186.46--195.63,191.04,Quintal,"16,629.17--17,583.33","17,106.25"
Khulna,Meherpur,Gangni,Gangni Bazar,Sonali Chicken,2026,Kilogram,281.67--296.67,289.17,Quintal,"26,583.33--27,604.17","27,093.75"
Khulna,Meherpur,Gangni,Gangni Bazar,Local Hen - Big (above 900 gm),2026,Kilogram,594.35--619.57,606.96,Quintal,0--0,0
Khulna,Narail,Narail Sadar,Rupganj Bazar,Farm-raised Hen,2025,Kilogram,151.07--158.35,154.71,Quintal,"13,772.06--14,514.71","14,143.38"
Khulna,Narail,Narail Sadar,Rupganj Bazar,Sonali Chicken,2025,Kilogram,241.49--252.1,246.79,Quintal,"22,802.42--23,677.42","23,239.92"
Khulna,Narail,Narail Sadar,Rupganj Bazar,Farm-raised Hen,2026,Kilogram,175.51--184.18,179.84,Quintal,"16,338.61--17,120.25","16,729.43"
Khulna,Narail,Narail Sadar,Rupganj Bazar,Sonali Chicken,2026,Kilogram,293.83--306.27,300.05,Quintal,"27,379.75--28,522.15","27,950.95"
Khulna,Chuadanga,Chuadanga Sadar,Chuadanga Sadar Bazaar,Local,2025,Kilogram,538.89--559.19,549.04,Quintal,"51,355.56--52,592.59","51,974.07"
Khulna,Chuadanga,Chuadanga Sadar,Chuadanga Sadar Bazaar,Broiler Farm,2025,Kilogram,172.81--184.74,178.78,Quintal,"15,255.56--16,042.22","15,648.89"
Khulna,Chuadanga,Chuadanga Sadar,Chuadanga Sadar Bazaar,Local,2026,Kilogram,567.5--583.33,575.42,Quintal,"53,923.08--55,532.05","54,727.56"
Khulna,Chuadanga,Chuadanga Sadar,Chuadanga Sadar Bazaar,Broiler Farm,2026,Kilogram,182.56--197.69,190.13,Quintal,"16,388.46--17,169.23","16,778.85"
Khulna,Chuadanga,Damurhuda,Damurhuda Bazar,Broiler chicken,2026,Kilogram,188.53--203.24,195.88,Quintal,"16,491.18--17,402.94","16,947.06"
Khulna,Chuadanga,Damurhuda,Damurhuda Bazar,Farm-raised Hen,2026,Kilogram,190--210,200,Quintal,"17,000--18,000","17,500"
Khulna,Kushtia,Kushtia Sadar,Kushtia Sadar Bazar,Local Hen - Medium (700-850 gm),2025,Kilogram,584.71--605.74,595.22,Quintal,"56,470.59--58,573.53","57,522.06"
Khulna,Kushtia,Kushtia Sadar,Kushtia Sadar Bazar,Farm-raised Hen,2025,Kilogram,161.84--167.83,164.83,Quintal,"15,183.82--15,783.09","15,483.46"
Khulna,Kushtia,Kushtia Sadar,Kushtia Sadar Bazar,Sonali Chicken,2025,Kilogram,273.53--282.87,278.2,Quintal,"26,198.53--27,080.88","26,639.71"
Khulna,Kushtia,Kushtia Sadar,Kushtia Sadar Bazar,Local Hen - Medium (700-850 gm),2026,Kilogram,622.36--655.73,639.04,Quintal,"60,235.67--63,471.34","61,853.50"
Khulna,Kushtia,Kushtia Sadar,Kushtia Sadar Bazar,Farm-raised Hen,2026,Kilogram,184.83--285.99,235.41,Quintal,"16,866.24--17,398.09","17,132.17"
Khulna,Kushtia,Kushtia Sadar,Kushtia Sadar Bazar,Sonali Chicken,2026,Kilogram,297.26--308.25,302.75,Quintal,"27,856.69--28,939.49","28,398.09"
Khulna,Magura,Magura Sadar,Magura Sadar Bazar,Local Hen - Big (above 900 gm),2025,Kilogram,523.46--553.46,538.46,Quintal,"47,942.31--51,769.23","49,855.77"
Khulna,Magura,Magura Sadar,Magura Sadar Bazar,Broiler chicken,2025,Kilogram,157.81--163.18,160.49,Quintal,"13,470.07--14,064.23","13,767.15"
Khulna,Magura,Magura Sadar,Magura Sadar Bazar,Sonali Chicken,2025,Kilogram,265.91--277.01,271.46,Quintal,"23,729.93--24,781.02","24,255.47"
Khulna,Magura,Magura Sadar,Magura Sadar Bazar,Broiler chicken,2026,Kilogram,172.5--180.58,176.54,Quintal,"14,928.85--15,700.64","15,314.74"
Khulna,Magura,Magura Sadar,Magura Sadar Bazar,Sonali Chicken,2026,Kilogram,289.36--301.25,295.3,Quintal,"25,878.21--27,051.28","26,464.74"
Khulna,Khulna,Khulna City Corporation,Khulna Sadar Bazar,Local Hen - Big (above 900 gm),2025,Kilogram,519.17--536.85,528.01,Quintal,"49,967.59--51,694.44","50,831.02"
Khulna,Khulna,Khulna City Corporation,Khulna Sadar Bazar,Local Hen - Small (500-650 gm),2025,Kilogram,519.17--536.85,528.01,Quintal,"49,559.26--51,666.67","50,612.96"
Khulna,Khulna,Khulna City Corporation,Khulna Sadar Bazar,Farm-raised Hen,2025,Kilogram,174.49--169.07,171.78,Quintal,"15,242.59--15,950.93","15,596.76"
Khulna,Khulna,Khulna City Corporation,Khulna Sadar Bazar,Sonali Chicken,2025,Kilogram,250.93--268.33,259.63,Quintal,"23,885.19--25,189.81","24,537.50"
Khulna,Khulna,Khulna City Corporation,Khulna Sadar Bazar,Local Hen - Big (above 900 gm),2026,Kilogram,541.82--556.1,548.96,Quintal,"52,220.13--53,537.74","52,878.93"
Khulna,Khulna,Khulna City Corporation,Khulna Sadar Bazar,Local Hen - Small (500-650 gm),2026,Kilogram,541.82--556.1,548.96,Quintal,"2,566,632.08--53,525.16","1,624,377.36"
Khulna,Khulna,Khulna City Corporation,Khulna Sadar Bazar,Farm-raised Hen,2026,Kilogram,183.77--193.46,188.62,Quintal,"17,397.48--18,206.29","17,801.89"
Khulna,Khulna,Khulna City Corporation,Khulna Sadar Bazar,Sonali Chicken,2026,Kilogram,285.28--299.03,292.15,Quintal,"26,915.09--28,071.7","27,493.40"
Khulna,Bagerhat,Bagerhat Sadar,Bagerhat Sadar Bazar,Broiler chicken,2025,Kilogram,165.69--175.69,170.69,Quintal,"14,569.34--15,569.34","15,069.34"
Khulna,Bagerhat,Bagerhat Sadar,Bagerhat Sadar Bazar,Sonali Chicken,2025,Kilogram,283.94--301.82,292.88,Quintal,"24,788.32--26,437.96","25,613.14"
Khulna,Bagerhat,Bagerhat Sadar,Bagerhat Sadar Bazar,Broiler chicken,2026,Kilogram,177.88--188.21,183.05,Quintal,"15,413.25--11,787.42","13,600.33"
Khulna,Bagerhat,Bagerhat Sadar,Bagerhat Sadar Bazar,Sonali Chicken,2026,Kilogram,297.09--311.32,304.21,Quintal,"22,114.44--24,020.79","23,067.62"
Khulna,Jhenaidah,Jhenaidah Sadar,Jhenaidah Sadar Paura Boro Bazar,Broiler chicken,2025,Kilogram,159.45--164.52,161.99,Quintal,"14,196.32--14,725.74","14,461.03"
Khulna,Jhenaidah,Jhenaidah Sadar,Jhenaidah Sadar Paura Boro Bazar,Broiler chicken,2026,Kilogram,176.56--185.13,180.84,Quintal,"15,787.01--16,419.25","16,103.13"
Khulna,Jhenaidah,Jhenaidah Sadar,Jhenaidah Sadar Paura Boro Bazar,Sonali Chicken,2026,Kilogram,282.5--292.5,287.5,Quintal,"26,250--27,250","26,750"
Khulna,Jhenaidah,Kaliganj,"Kaliganj Bazar,",Broiler chicken,2026,Kilogram,190--200,195,Quintal,"17,500--18,000","17,750"
Barisal,Jhalakathi,Jhalakathi Sadar,Jhalakathi Sadar Bazar,Farm-raised Hen,2025,Kilogram,157.26--162.74,160,Quintal,"14,638.69--15,138.69","14,888.69"
Barisal,Jhalakathi,Jhalakathi Sadar,Jhalakathi Sadar Bazar,Sonali Chicken,2025,Kilogram,268.87--274.09,271.48,Quintal,"25,598.54--26,116.79","25,857.66"
Barisal,Jhalakathi,Jhalakathi Sadar,Jhalakathi Sadar Bazar,Farm-raised Hen,2026,Kilogram,173.45--178.45,175.95,Quintal,"15,996.77--16,456.13","16,226.45"
Barisal,Jhalakathi,Jhalakathi Sadar,Jhalakathi Sadar Bazar,Sonali Chicken,2026,Kilogram,300--307.42,303.71,Quintal,"28,290.32--29,041.94","28,666.13"
Barisal,Patuakhali,Patuakhali Sadar,Patuakhali Sadar Bazar,Broiler chicken,2025,Kilogram,151.64--161.64,156.64,Quintal,"14,245.9--14,745.9","14,495.90"
Barisal,Patuakhali,Patuakhali Sadar,Patuakhali Sadar Bazar,Sonali Chicken,2025,Kilogram,270--280,275,Quintal,"24,000--25,000","24,500"
Barisal,Pirojpur,Pirojpur Sadar,Pirojpur Sadar Bazar,Local Hen - Big (above 900 gm),2025,Kilogram,482.31--501.79,492.05,Quintal,"45,350.75--48,044.78","46,697.76"
Barisal,Pirojpur,Pirojpur Sadar,Pirojpur Sadar Bazar,Broiler chicken,2025,Kilogram,163.28--172.99,168.13,Quintal,"14,574.63--15,574.63","15,074.63"
Barisal,Pirojpur,Pirojpur Sadar,Pirojpur Sadar Bazar,Local Hen - Big (above 900 gm),2026,Kilogram,490--500,495,Quintal,"46,000--47,000","46,500"
Barisal,Pirojpur,Pirojpur Sadar,Pirojpur Sadar Bazar,Broiler chicken,2026,Kilogram,181.83--190.93,186.38,Quintal,"16,210--16,086.67","16,148.33"
Barisal,Pirojpur,Nazirpur,Nazirpur Bazar,Local Hen - Big (above 900 gm),2026,Kilogram,494--517.6,505.8,Quintal,"45,520--47,760","46,640"
Barisal,Pirojpur,Nazirpur,Nazirpur Bazar,Broiler chicken,2026,Kilogram,170--180,175,Quintal,"16,000--17,000","16,500"
Barisal,Barisal,Barisal Sadar,Barisal Sadar Bazar,Farm-raised Hen,2025,Kilogram,151.11--156.11,153.61,Quintal,"14,264.96--14,764.96","14,514.96"
Barisal,Barisal,Barisal Sadar,Barisal Sadar Bazar,Farm-raised Hen,2026,Kilogram,170--178.73,174.36,Quintal,"16,000--16,872.88","16,436.44"
Barisal,Bhola,Bhola Sadar,Bhola Sadar Bazar,Farm-raised Hen,2025,Kilogram,152.54--157.79,155.16,Quintal,"13,707.86--14,169.29","13,938.57"
Barisal,Bhola,Bhola Sadar,Bhola Sadar Bazar,Farm-raised Hen,2026,Kilogram,169.93--174.48,172.2,Quintal,"15,385.53--15,751.97","15,568.75"
Barisal,Barguna,Amtali,Amtali Bazar,Broiler chicken,2026,Kilogram,166.11--174.72,170.42,Quintal,"15,736.11--16,472.22","16,104.17"
Barisal,Barguna,Amtali,Amtali Bazar,Sonali Chicken,2026,Kilogram,282.14--292.14,287.14,Quintal,"27,607.14--28,214.29","27,910.71"
Barisal,Barguna,Barguna Sadar,Barguna Sadar Bazar,Broiler Farm,2025,Kilogram,152.77--160.3,156.53,Quintal,"14,295.52--14,996.27","14,645.90"
Barisal,Barguna,Barguna Sadar,Barguna Sadar Bazar,Sonali Chicken,2025,Kilogram,277.79--287.79,282.79,Quintal,"26,476.74--27,476.74","26,976.74"
Barisal,Barguna,Barguna Sadar,Barguna Sadar Bazar,Sonali Chicken,2026,Kilogram,299.78--309.49,304.64,Quintal,"29,007.3--29,007.3","29,007.30"
Barisal,Barguna,Barguna Sadar,Barguna Sadar Bazar,Broiler Farm,2026,Kilogram,167.77--176.79,172.28,Quintal,"15,908.76--16,697.08","16,302.92"
Sylhet,Sylhet,Beanibazar,Beanibazar Market,Broiler chicken,2026,Kilogram,179.05--189.66,184.35,Quintal,"16,551.72--17,556.9","17,054.31"
Sylhet,Sylhet,Beanibazar,Beanibazar Market,Sonali Chicken,2026,Kilogram,355--373.1,364.05,Quintal,"33,715.52--35,448.28","34,581.90"
Sylhet,Sylhet,Golapganj,Golapganj Bazar,Broiler chicken,2026,Kilogram,174.55--180.63,177.59,Quintal,"15,968.47--16,515.32","16,241.89"
Sylhet,Sylhet,Golapganj,Golapganj Bazar,Sonali Chicken,2026,Kilogram,339.1--820.09,579.59,Quintal,"31,590.09--34,256.76","32,923.42"
Sylhet,Sylhet,Sylhet Sadar,Sylhet Sadar Bazaar,Farm-raised Hen,2025,Kilogram,153.8--162.04,157.92,Quintal,"14,569.34--15,289.05","14,929.20"
Sylhet,Sylhet,Sylhet Sadar,Sylhet Sadar Bazaar,Sonali Chicken,2025,Kilogram,302.99--317.59,310.29,Quintal,"28,649.64--30,215.33","29,432.48"
Sylhet,Sylhet,Sylhet Sadar,Sylhet Sadar Bazaar,Farm-raised Hen,2026,Kilogram,167.06--176.62,171.84,Quintal,"15,705.88--16,661.76","16,183.82"
Sylhet,Sylhet,Sylhet Sadar,Sylhet Sadar Bazaar,Sonali Chicken,2026,Kilogram,363.58--346.01,354.79,Quintal,"31,401.9--32,996.84","32,199.37"
Sylhet,Sylhet,Sylhet Sadar,Sylhet Sadar Bazaar,Broiler chicken,2026,Kilogram,171.73--182.26,177,Quintal,"16,161.29--18,661.29","17,411.29"
Sylhet,Moulvibazar,Moulvibazar Sadar,Moulvibazar Sadar Bazar,Farm-raised Hen,2025,Kilogram,150.91--156.28,153.59,Quintal,"13,719.71--14,135.04","13,927.37"
Sylhet,Moulvibazar,Moulvibazar Sadar,Moulvibazar Sadar Bazar,Sonali Chicken,2025,Kilogram,269.89--280.47,275.18,Quintal,"25,175.18--25,901.46","25,538.32"
Sylhet,Moulvibazar,Moulvibazar Sadar,Moulvibazar Sadar Bazar,Farm-raised Hen,2026,Kilogram,168.77--174.12,171.45,Quintal,"15,720.75--16,104.4","15,912.58"
Sylhet,Moulvibazar,Moulvibazar Sadar,Moulvibazar Sadar Bazar,Sonali Chicken,2026,Kilogram,300.72--312.14,306.43,Quintal,"28,044.03--29,132.08","28,588.05"
Sylhet,Moulvibazar,Sreemangal,Srimangal Bazar,Broiler chicken,2026,Kilogram,172.5--180.23,176.36,Quintal,"16,236.36--16,613.64","16,425"
Sylhet,Habiganj,Baniachong,Banyachong Market,Broiler chicken,2026,Kilogram,160.99--169.01,165,Quintal,"14,598.59--15,401.41","15,000"
Sylhet,Habiganj,Habiganj Sadar,Habiganj Sadar Bazar,Local Hen - Big (above 900 gm),2025,Kilogram,573.04--589.56,581.3,Quintal,"54,651.85--56,303.7","55,477.78"
Sylhet,Habiganj,Habiganj Sadar,Habiganj Sadar Bazar,Broiler chicken,2025,Kilogram,149.37--184.96,167.17,Quintal,"13,589.63--14,028.15","13,808.89"
Sylhet,Habiganj,Habiganj Sadar,Habiganj Sadar Bazar,Local Hen - Big (above 900 gm),2026,Kilogram,606.58--638.8,622.69,Quintal,"58,506.33--61,759.49","60,132.91"
Sylhet,Habiganj,Habiganj Sadar,Habiganj Sadar Bazar,Broiler chicken,2026,Kilogram,160.51--167.56,164.03,Quintal,"14,723.42--15,429.75","15,076.58"
Sylhet,Habiganj,Habiganj Sadar,Habiganj Sadar Bazar,Sonali Chicken,2026,Kilogram,322.16--332.99,327.57,Quintal,"30,567.16--31,656.72","31,111.94"
Sylhet,Sunamganj,Sunamganj Sadar,Sunamganj Sadar Bazar,Farm-raised Hen,2025,Kilogram,167.73--175.87,171.8,Quintal,"15,507.58--16,034.09","15,770.83"
Sylhet,Sunamganj,Sunamganj Sadar,Sunamganj Sadar Bazar,Sonali Chicken,2025,Kilogram,292.77--306.17,299.47,Quintal,"27,462.12--28,284.09","27,873.11"
Sylhet,Sunamganj,Sunamganj Sadar,Sunamganj Sadar Bazar,Farm-raised Hen,2026,Kilogram,172.78--182.91,177.84,Quintal,"15,199.35--15,820.26","15,509.80"
Sylhet,Sunamganj,Sunamganj Sadar,Sunamganj Sadar Bazar,Sonali Chicken,2026,Kilogram,325.69--340.65,333.17,Quintal,"30,083.01--31,064.71","30,573.86"
Dhaka,Narsingdi,Narsingdi Sadar,Narsingdi Sadar Bazar,Broiler chicken,2025,Kilogram,149.01--155.01,152.01,Quintal,"13,416.18--13,872.94","13,644.56"
Dhaka,Narsingdi,Narsingdi Sadar,Narsingdi Sadar Bazar,Sonali Chicken,2025,Kilogram,269.67--279.96,274.82,Quintal,"24,897.06--25,587.5","25,242.28"
Dhaka,Narsingdi,Narsingdi Sadar,Narsingdi Sadar Bazar,Broiler chicken,2026,Kilogram,164.21--169.18,166.69,Quintal,"15,086.08--15,525.32","15,305.70"
Dhaka,Narsingdi,Narsingdi Sadar,Narsingdi Sadar Bazar,Sonali Chicken,2026,Kilogram,313.39--329.53,321.46,Quintal,"29,452.53--30,858.23","30,155.38"
Dhaka,Narsingdi,Shibpur,Shibpur Bazar,Broiler chicken,2026,Kilogram,175.54--182.16,178.85,Quintal,"16,040.54--16,500","16,270.27"
Dhaka,Narsingdi,Shibpur,Shibpur Bazar,Sonali Chicken,2026,Kilogram,340--351.08,345.54,Quintal,"31,735.14--32,554.05","32,144.59"
Dhaka,Gazipur,Gazipur Sadar,Joydevpur market,Local Hen - Medium (700-850 gm),2025,Kilogram,566.01--577.1,571.56,Quintal,"52,028.99--53,137.68","52,583.33"
Dhaka,Gazipur,Gazipur Sadar,Joydevpur market,Local Hen - Small (500-650 gm),2025,Kilogram,595.58--608.7,602.14,Quintal,"53,536.23--55,000","54,268.12"
Dhaka,Gazipur,Gazipur Sadar,Joydevpur market,Broiler chicken,2025,Kilogram,165.07--170.07,167.57,Quintal,"14,794.2--15,128.99","14,961.59"
Dhaka,Gazipur,Gazipur Sadar,Joydevpur market,Sonali Chicken,2025,Kilogram,286.38--293.77,290.07,Quintal,"25,927.54--26,427.54","26,177.54"
Dhaka,Gazipur,Gazipur Sadar,Joydevpur market,Local Hen - Medium (700-850 gm),2026,Kilogram,625.61--640.19,632.9,Quintal,"57,675.16--59,146.5","58,410.83"
Dhaka,Gazipur,Gazipur Sadar,Joydevpur market,Local Hen - Small (500-650 gm),2026,Kilogram,660.76--674.71,667.74,Quintal,"61,184.71--62,184.71","61,684.71"
Dhaka,Gazipur,Gazipur Sadar,Joydevpur market,Broiler chicken,2026,Kilogram,173.66--178.85,176.26,Quintal,"15,733.12--16,005.1","15,869.11"
Dhaka,Gazipur,Gazipur Sadar,Joydevpur market,Sonali Chicken,2026,Kilogram,317.58--326.56,322.07,Quintal,"28,917.2--29,775.16","29,346.18"
Dhaka,Shariatpur,Shariatpur Sadar,Shariatpur Bazar,Farm-raised Hen,2025,Kilogram,163.6--173.6,168.6,Quintal,"15,360.29--16,360.29","15,860.29"
Dhaka,Shariatpur,Shariatpur Sadar,Shariatpur Bazar,Sonali Chicken,2025,Kilogram,270.59--283.46,277.02,Quintal,"26,058.82--27,345.59","26,702.21"
Dhaka,Shariatpur,Shariatpur Sadar,Shariatpur Bazar,Farm-raised Hen,2026,Kilogram,167.59--177.59,172.59,Quintal,"15,759.49--16,759.49","16,259.49"
Dhaka,Shariatpur,Shariatpur Sadar,Shariatpur Bazar,Sonali Chicken,2026,Kilogram,296.08--314.24,305.16,Quintal,"28,607.59--30,386.08","29,496.84"
Dhaka,Narayanganj,Narayanganj Sadar,Narayanganj Sadar Bazar,Broiler Farm,2025,Kilogram,156.08--166.08,161.08,Quintal,"14,607.84--15,392.16","15,000"
Dhaka,Narayanganj,Narayanganj Sadar,Narayanganj Sadar Bazar,Broiler Farm,2026,Kilogram,171.3--177.04,174.17,Quintal,"15,703.7--142,777.78","79,240.74"
Dhaka,Tangail,Madhupur,Madhupur Bazar,Farm-raised Hen,2026,Kilogram,157.62--165.77,161.69,Quintal,"14,969.35--15,604.84","15,287.10"
Dhaka,Tangail,Tangail Sadar,Tangail Bazar,Farm-raised Hen,2025,Kilogram,162.57--168.09,165.33,Quintal,"15,143.38--15,574.26","15,358.82"
Dhaka,Tangail,Tangail Sadar,Tangail Bazar,Farm-raised Hen,2026,Kilogram,177.18--183.21,180.19,Quintal,"16,421.79--16,791.99","16,606.89"
Dhaka,Tangail,Dhanbari,Dhanbari Bazar,Broiler chicken,2026,Kilogram,165.38--172.88,169.13,Quintal,"15,430--15,866.67","15,648.33"
Dhaka,Kishoreganj,Kishoreganj Sadar,Kishoreganj Bazar,Local Hen - Medium (700-850 gm),2025,Kilogram,500--520,510,Quintal,"45,336.21--50,000","47,668.10"
Dhaka,Kishoreganj,Kishoreganj Sadar,Kishoreganj Bazar,Local Hen - Small (500-650 gm),2025,Kilogram,450--460,455,Quintal,"43,000--44,000","43,500"
Dhaka,Kishoreganj,Kishoreganj Sadar,Kishoreganj Bazar,Farm-raised Hen,2025,Kilogram,154.14--160.47,157.31,Quintal,"14,348.28--14,663.79","14,506.03"
Dhaka,Kishoreganj,Kishoreganj Sadar,Kishoreganj Bazar,Sonali Chicken,2025,Kilogram,274.74--284.74,279.74,Quintal,"26,133.62--27,133.62","26,633.62"
Dhaka,Kishoreganj,Kishoreganj Sadar,Kishoreganj Bazar,Local Hen - Medium (700-850 gm),2026,Kilogram,500--543.33,521.67,Quintal,"45,000--51,555.56","48,277.78"
Dhaka,Kishoreganj,Kishoreganj Sadar,Kishoreganj Bazar,Local Hen - Small (500-650 gm),2026,Kilogram,457.78--475.56,466.67,Quintal,"43,777.78--44,777.78","44,277.78"
Dhaka,Kishoreganj,Kishoreganj Sadar,Kishoreganj Bazar,Farm-raised Hen,2026,Kilogram,167.95--173.37,170.66,Quintal,"15,222.92--15,679.17","15,451.04"
Dhaka,Kishoreganj,Kishoreganj Sadar,Kishoreganj Bazar,Sonali Chicken,2026,Kilogram,309.1--319.1,314.1,Quintal,"28,524.31--29,378.47","28,951.39"
Dhaka,Kishoreganj,Bajitpur,Bajitpur Bazar,Broiler chicken,2026,Kilogram,172.89--178.98,175.93,Quintal,"15,831.33--16,420.48","16,125.90"
Dhaka,Manikganj,Saturia,Saturia Bazar,Broiler chicken,2026,Kilogram,171.56--181.56,176.56,Quintal,"15,181.82--16,194.81","15,688.31"
Dhaka,Manikganj,Saturia,Saturia Bazar,Sonali Chicken,2026,Kilogram,295.47--310.8,303.13,Quintal,"27,480--29,013.33","28,246.67"
Dhaka,Manikganj,Manikganj Sadar,Manikganj Bazar,Farm-raised Hen,2025,Kilogram,160.43--165.43,162.93,Quintal,"13,778.57--14,278.57","14,028.57"
Dhaka,Manikganj,Manikganj Sadar,Manikganj Bazar,Sonali Chicken,2025,Kilogram,265.11--274.78,269.95,Quintal,"24,295.62--25,025.55","24,660.58"
Dhaka,Manikganj,Manikganj Sadar,Manikganj Bazar,Broiler chicken,2025,Kilogram,157.46--165.67,161.57,Quintal,"13,873.13--14,679.1","14,276.12"
Dhaka,Manikganj,Manikganj Sadar,Manikganj Bazar,Broiler chicken,2026,Kilogram,176.77--185.32,181.04,Quintal,"15,674.05--16,414.56","16,044.30"
Dhaka,Manikganj,Manikganj Sadar,Manikganj Bazar,Sonali Chicken,2026,Kilogram,291.93--300.7,296.31,Quintal,"27,319.62--28,018.99","27,669.30"
Dhaka,Manikganj,Singiar,Singair Bazar,Broiler chicken,2026,Kilogram,176.19--186.29,181.24,Quintal,"15,333.33--16,147.62","15,740.48"
Dhaka,Manikganj,Singiar,Singair Bazar,Sonali Chicken,2026,Kilogram,304--316.19,310.1,Quintal,"28,128.57--29,342.86","28,735.71"
Dhaka,Dhaka,Savar,Savar Bazar,Broiler chicken,2026,Kilogram,175--184.67,179.83,Quintal,"15,933.33--16,433.33","16,183.33"
Dhaka,Dhaka,Savar,Savar Bazar,Sonali Chicken,2026,Kilogram,303.33--313.33,308.33,Quintal,"28,333.33--28,833.33","28,583.33"
Dhaka,Dhaka,Savar,Savar Bazar,Local,2026,Kilogram,735.33--745.33,740.33,Quintal,"70,666.67--71,166.67","70,916.67"
Dhaka,Dhaka,Dhaka North City Corporation,Mohammadpur Krishi Market,Broiler chicken,2025,Kilogram,172.17--181.21,176.69,Quintal,"15,797.79--16,754.41","16,276.10"
Dhaka,Dhaka,Dhaka North City Corporation,Mohammadpur Krishi Market,Sonali Chicken,2025,Kilogram,285.15--296.76,290.96,Quintal,"26,254.41--27,288.97","26,771.69"
Dhaka,Dhaka,Dhaka North City Corporation,Mohammadpur Krishi Market,Broiler chicken,2026,Kilogram,179.81--189.55,184.68,Quintal,"12,493.55--17,220.65","14,857.10"
Dhaka,Dhaka,Dhaka North City Corporation,Mohammadpur Krishi Market,Sonali Chicken,2026,Kilogram,321.77--336.68,329.23,Quintal,"30,019.35--31,590.32","30,804.84"
Dhaka,Dhaka,Dhaka North City Corporation,kawran Bazar,Broiler chicken,2026,Kilogram,180.26--188.65,184.45,Quintal,"12,239.42--13,178.1","15,862.04"
Dhaka,Dhaka,Dhaka North City Corporation,kawran Bazar,Sonali Chicken,2026,Kilogram,313.36--349.85,331.61,Quintal,"19,575.55--22,873.72","27,284.85"
Dhaka,Dhaka,Dhaka North City Corporation,Mirpur 1 no. Bazar,Broiler chicken,2026,Kilogram,177.72--188.81,183.26,Quintal,"66,949.25--16,565.07","41,757.16"
Dhaka,Dhaka,Dhaka North City Corporation,Mirpur 1 no. Bazar,Sonali Chicken,2026,Kilogram,304.78--348.57,326.67,Quintal,"27,539.55--32,451.49","29,995.52"
Dhaka,Munshiganj,Munshiganj Sadar,Munshiganj Sadar Bazar,Farm-raised Hen,2025,Kilogram,150.6--154.82,152.71,Quintal,"14,247.41--14,476.3","14,361.85"
Dhaka,Munshiganj,Munshiganj Sadar,Munshiganj Sadar Bazar,Farm-raised Hen,2026,Kilogram,167.27--172.31,169.79,Quintal,"15,928.57--16,201.3","16,064.94"
Dhaka,Rajbari,Rajbari Sadar,Rajbari Sadar Bazar,Farm-raised Hen,2025,Kilogram,164.96--170.15,167.56,Quintal,"14,996.27--15,514.93","15,255.60"
Dhaka,Rajbari,Rajbari Sadar,Rajbari Sadar Bazar,Farm-raised Hen,2026,Kilogram,178.13--184.21,181.17,Quintal,"16,325.95--16,933.54","16,629.75"
Dhaka,Madaripur,Madaripur Sadar,"Sadar Bazar, Madaripur",Local Hen - Medium (700-850 gm),2025,Kilogram,550--570,560,Quintal,"52,000--53,000","52,500"
Dhaka,Madaripur,Madaripur Sadar,"Sadar Bazar, Madaripur",Broiler chicken,2025,Kilogram,156.95--163.27,160.11,Quintal,"14,712.5--15,106.62","14,909.56"
Dhaka,Madaripur,Madaripur Sadar,"Sadar Bazar, Madaripur",Sonali Chicken,2025,Kilogram,261.29--270.33,265.81,Quintal,"25,110.29--26,000","25,555.15"
Dhaka,Madaripur,Madaripur Sadar,"Sadar Bazar, Madaripur",Local Hen - Medium (700-850 gm),2026,Kilogram,550--570,560,Quintal,"52,000--53,000","52,500"
Dhaka,Madaripur,Madaripur Sadar,"Sadar Bazar, Madaripur",Broiler chicken,2026,Kilogram,175.35--182.52,178.93,Quintal,"16,517.83--17,214.65","16,866.24"
Dhaka,Madaripur,Madaripur Sadar,"Sadar Bazar, Madaripur",Sonali Chicken,2026,Kilogram,291.75--300.22,295.99,Quintal,"28,152.87--28,984.08","28,568.47"
Dhaka,Gopalganj,Gopalganj Sadar,Gopaldanj Sadar Boro Bazar,Local Hen - Big (above 900 gm),2025,Kilogram,494.67--505.33,500,Quintal,"46,532.85--47,598.54","47,065.69"
Dhaka,Gopalganj,Gopalganj Sadar,Gopaldanj Sadar Boro Bazar,Farm-raised Hen,2025,Kilogram,149.89--154.93,152.41,Quintal,"13,489.05--13,981.75","13,735.40"
Dhaka,Gopalganj,Gopalganj Sadar,Gopaldanj Sadar Boro Bazar,Sonali Chicken,2025,Kilogram,248.72--256.42,252.57,Quintal,"23,078.83--24,000","23,539.42"
Dhaka,Gopalganj,Gopalganj Sadar,Gopaldanj Sadar Boro Bazar,Local Hen - Big (above 900 gm),2026,Kilogram,550.64--561.02,555.83,Quintal,"51,808.92--52,808.92","52,308.92"
Dhaka,Gopalganj,Gopalganj Sadar,Gopaldanj Sadar Boro Bazar,Farm-raised Hen,2026,Kilogram,167.16--172.16,169.66,Quintal,"15,219.7--15,746.21","15,482.95"
Dhaka,Gopalganj,Gopalganj Sadar,Gopaldanj Sadar Boro Bazar,Sonali Chicken,2026,Kilogram,274.04--288.03,281.04,Quintal,"25,547.77--26,648.06","26,097.91"
Dhaka,Gopalganj,Gopalganj Sadar,Gopaldanj Sadar Boro Bazar,Broiler chicken,2026,Kilogram,171.8--176.8,174.3,Quintal,"15,680--16,180","15,930"
Dhaka,Gopalganj,Tungipara,Tungipara Bazar,Broiler chicken,2026,Kilogram,168.46--173.46,170.96,Quintal,"15,673.08--16,173.08","15,923.08"
Dhaka,Gopalganj,Tungipara,Tungipara Bazar,Sonali Chicken,2026,Kilogram,274.38--282.06,278.22,Quintal,"25,718.75--26,218.75","25,968.75"
Dhaka,Faridpur,Faridpur Sadar,Faridpur Sadar Bazar,Local Hen - Medium (700-850 gm),2025,Kilogram,562.81--580.07,571.44,Quintal,0--0,0
Dhaka,Faridpur,Faridpur Sadar,Faridpur Sadar Bazar,Farm-raised Hen,2025,Kilogram,166.22--172.01,169.12,Quintal,"15,449.64--16,010.79","15,730.22"
Dhaka,Faridpur,Faridpur Sadar,Faridpur Sadar Bazar,Sonali Chicken,2025,Kilogram,267.18--279.28,273.23,Quintal,"25,176.26--26,212.23","25,694.24"
Dhaka,Faridpur,Faridpur Sadar,Faridpur Sadar Bazar,Local Hen - Medium (700-850 gm),2026,Kilogram,598.65--619.55,609.1,Quintal,0--0,0
Dhaka,Faridpur,Faridpur Sadar,Faridpur Sadar Bazar,Farm-raised Hen,2026,Kilogram,179.9--185.23,182.56,Quintal,"16,729.03--17,287.1","17,008.06"
Dhaka,Faridpur,Faridpur Sadar,Faridpur Sadar Bazar,Sonali Chicken,2026,Kilogram,299.42--310.19,304.81,Quintal,"28,603.23--30,029.03","29,316.13"
Rangpur,Panchagarh,Panchagarh Sadar,Panchagarh Sadar Bazar,Local Hen - Big (above 900 gm),2025,Kilogram,442--454.59,448.3,Quintal,0--0,0
Rangpur,Panchagarh,Panchagarh Sadar,Panchagarh Sadar Bazar,Broiler chicken,2025,Kilogram,162.3--169.15,165.72,Quintal,0--0,0
Rangpur,Panchagarh,Panchagarh Sadar,Panchagarh Sadar Bazar,Sonali Chicken,2025,Kilogram,268.93--280.44,274.69,Quintal,0--0,"26,750"
Rangpur,Panchagarh,Panchagarh Sadar,Panchagarh Sadar Bazar,Local Hen - Big (above 900 gm),2026,Kilogram,518.08--538.97,528.53,Quintal,0--0,0
Rangpur,Panchagarh,Panchagarh Sadar,Panchagarh Sadar Bazar,Broiler chicken,2026,Kilogram,170.42--177.21,173.81,Quintal,0--0,0
Rangpur,Panchagarh,Panchagarh Sadar,Panchagarh Sadar Bazar,Sonali Chicken,2026,Kilogram,299.29--306.12,302.71,Quintal,0--0,"26,750"
Rangpur,Dinajpur,Parbatipur,Parbatipur Bazar,Broiler chicken,2026,Kilogram,167.29--175.54,171.42,Quintal,"15,072.29--15,728.92","15,400.60"
Rangpur,Dinajpur,Parbatipur,Parbatipur Bazar,Sonali Chicken,2026,Kilogram,298.98--309.64,304.31,Quintal,"27,885.54--29,060.24","28,472.89"
Rangpur,Dinajpur,Parbatipur,Parbatipur Bazar,Local Hen - Big (above 900 gm),2026,Kilogram,559.74--577.11,568.42,Quintal,"53,973.68--55,710.53","54,842.11"
Rangpur,Dinajpur,Dinajpur Sadar,"Bahadur Bazar, Dinajpur",Local Hen - Big (above 900 gm),2025,Kilogram,473.63--489.11,481.37,Quintal,"45,200--46,748.15","45,974.07"
Rangpur,Dinajpur,Dinajpur Sadar,"Bahadur Bazar, Dinajpur",Farm-raised Hen,2025,Kilogram,155.07--160.15,157.61,Quintal,"13,971.11--14,466.67","14,218.89"
Rangpur,Dinajpur,Dinajpur Sadar,"Bahadur Bazar, Dinajpur",Sonali Chicken,2025,Kilogram,263.93--268.96,266.44,Quintal,"24,814.81--25,311.11","25,062.96"
Rangpur,Dinajpur,Dinajpur Sadar,"Bahadur Bazar, Dinajpur",Local Hen - Big (above 900 gm),2026,Kilogram,525.83--542.88,534.36,Quintal,"50,128.21--52,205.13","51,166.67"
Rangpur,Dinajpur,Dinajpur Sadar,"Bahadur Bazar, Dinajpur",Farm-raised Hen,2026,Kilogram,169.52--174.71,172.12,Quintal,"15,375--15,878.21","15,626.60"
Rangpur,Dinajpur,Dinajpur Sadar,"Bahadur Bazar, Dinajpur",Sonali Chicken,2026,Kilogram,294.29--302.34,298.32,Quintal,"27,916.67--28,445.51","28,181.09"
Rangpur,Lalmonirhat,Lalmonirhat Sadar,"Goshala Bazar, Lalmonirhat",Broiler chicken,2025,Kilogram,170--180,175,Quintal,"15,600--16,000","15,800"
Rangpur,Lalmonirhat,Lalmonirhat Sadar,Lalmonirhat Sadar Bazar,Farm-raised Hen,2025,Kilogram,154.3--156.84,155.57,Quintal,"13,571.09--14,089.06","13,830.08"
Rangpur,Lalmonirhat,Lalmonirhat Sadar,Lalmonirhat Sadar Bazar,Farm-raised Hen,2026,Kilogram,165.22--171.44,168.33,Quintal,"14,436.54--15,364.1","14,900.32"
Rangpur,Lalmonirhat,Lalmonirhat Sadar,Lalmonirhat Sadar Bazar,Sonali Chicken,2026,Kilogram,"318.88--1,763.04","1,040.96",Quintal,"29,856.25--30,404.46","30,130.36"
Rangpur,Nilphamari,Syedpur,Saidpur Bazar,Local Hen - Medium (700-850 gm),2026,Kilogram,552.38--576.67,564.52,Quintal,"54,857.14--57,285.71","56,071.43"
Rangpur,Nilphamari,Syedpur,Saidpur Bazar,Broiler chicken,2026,Kilogram,170--180,175,Quintal,"16,000--17,000","16,500"
Rangpur,Nilphamari,Syedpur,Saidpur Bazar,Sonali Chicken,2026,Kilogram,317.14--345.24,331.19,Quintal,"29,714.29--32,523.81","31,119.05"
Rangpur,Nilphamari,Syedpur,Saidpur Bazar,Local Hen - Big (above 900 gm),2026,Kilogram,577.5--627.5,602.5,Quintal,"55,600--60,600","58,100"
Rangpur,Nilphamari,Domar,Domar Bazar,Local Hen - Medium (700-850 gm),2026,Kilogram,580--600,590,Quintal,"56,000--58,000","57,000"
Rangpur,Nilphamari,Domar,Domar Bazar,Broiler chicken,2026,Kilogram,170--180,175,Quintal,"16,000--17,000","16,500"
Rangpur,Nilphamari,Domar,Domar Bazar,Sonali Chicken,2026,Kilogram,320--340,330,Quintal,"30,000--32,000","31,000"
Rangpur,Nilphamari,Nilphamari Sadar,Nilphamari Sadar Bazar,Local Hen - Medium (700-850 gm),2025,Kilogram,503.48--522.23,512.86,Quintal,"48,098.48--50,132.58","49,115.53"
Rangpur,Nilphamari,Nilphamari Sadar,Nilphamari Sadar Bazar,Broiler chicken,2025,Kilogram,155.53--164.09,159.81,Quintal,"13,537.88--14,409.09","13,973.48"
Rangpur,Nilphamari,Nilphamari Sadar,Nilphamari Sadar Bazar,Sonali Chicken,2025,Kilogram,266.89--290.91,278.9,Quintal,"24,496.21--27,094.7","25,795.45"
Rangpur,Nilphamari,Nilphamari Sadar,Nilphamari Sadar Bazar,Local Hen - Medium (700-850 gm),2026,Kilogram,562.39--583.35,572.87,Quintal,"50,501.94--57,098.71","53,800.32"
Rangpur,Nilphamari,Nilphamari Sadar,Nilphamari Sadar Bazar,Broiler chicken,2026,Kilogram,161.59--172.42,167.01,Quintal,"14,702.58--13,337.1","14,019.84"
Rangpur,Nilphamari,Nilphamari Sadar,Nilphamari Sadar Bazar,Sonali Chicken,2026,Kilogram,278.97--304.19,291.58,Quintal,"26,270.97--28,883.87","27,577.42"
Rangpur,Gaibandha,Gaibandha Sadar,Gaibandha Sadar Bazar,Local Hen - Medium (700-850 gm),2025,Kilogram,451.96--463.04,457.5,Quintal,"42,089.29--43,089.29","42,589.29"
Rangpur,Gaibandha,Gaibandha Sadar,Gaibandha Sadar Bazar,Broiler chicken,2025,Kilogram,150.92--155.88,153.4,Quintal,"13,357.35--13,667.65","13,512.50"
Rangpur,Gaibandha,Gaibandha Sadar,Gaibandha Sadar Bazar,Sonali Chicken,2025,Kilogram,262.79--271.65,267.22,Quintal,"23,883.82--23,638.24","23,761.03"
Rangpur,Gaibandha,Gaibandha Sadar,Gaibandha Sadar Bazar,Local Hen - Small (500-650 gm),2025,Kilogram,456--466.25,461.13,Quintal,"42,312.5--43,237.5","42,775"
Rangpur,Gaibandha,Gaibandha Sadar,Gaibandha Sadar Bazar,Local Hen - Small (500-650 gm),2026,Kilogram,544.51--555.82,550.16,Quintal,"50,993.46--51,993.46","51,493.46"
Rangpur,Gaibandha,Gaibandha Sadar,Gaibandha Sadar Bazar,Broiler chicken,2026,Kilogram,161.44--164.9,163.17,Quintal,"14,584.97--14,865.36","14,725.16"
Rangpur,Gaibandha,Gaibandha Sadar,Gaibandha Sadar Bazar,Sonali Chicken,2026,Kilogram,290.78--300.16,295.47,Quintal,"26,178.1--27,128.76","26,653.43"
Rangpur,Gaibandha,Gobindaganj,Gobindaganj Bazar,Local Hen - Small (500-650 gm),2026,Kilogram,530--540,535,Quintal,"49,000--50,000","49,500"
Rangpur,Gaibandha,Gobindaganj,Gobindaganj Bazar,Broiler chicken,2026,Kilogram,168.28--179.92,174.1,Quintal,"15,378.57--15,874.79","15,626.68"
Rangpur,Gaibandha,Gobindaganj,Gobindaganj Bazar,Sonali Chicken,2026,Kilogram,326.81--341.18,333.99,Quintal,"31,658.82--32,215.97","31,937.39"
Rangpur,Gaibandha,Gobindaganj,Gobindaganj Bazar,Local Hen - Medium (700-850 gm),2026,Kilogram,607.61--632.56,620.09,Quintal,"48,837.61--35,554.7","42,196.15"
Rangpur,Thakurgaon,Thakurgaon Sadar,"Sadar Bazar, Thakurgaon",Local Hen - Small (500-650 gm),2025,Kilogram,463.11--473.26,468.18,Quintal,"43,531.09--45,325.76","44,428.42"
Rangpur,Thakurgaon,Thakurgaon Sadar,"Sadar Bazar, Thakurgaon",Broiler chicken,2025,Kilogram,157.88--162.88,160.38,Quintal,"14,392.42--14,889.39","14,640.91"
Rangpur,Thakurgaon,Thakurgaon Sadar,"Sadar Bazar, Thakurgaon",Sonali Chicken,2025,Kilogram,263.92--276.67,270.3,Quintal,"25,575.76--26,143.94","25,859.85"
Rangpur,Thakurgaon,Thakurgaon Sadar,"Sadar Bazar, Thakurgaon",Local Hen - Small (500-650 gm),2026,Kilogram,534.81--551.03,542.92,Quintal,"48,691.03--50,230.13","49,460.58"
Rangpur,Thakurgaon,Thakurgaon Sadar,"Sadar Bazar, Thakurgaon",Broiler chicken,2026,Kilogram,168.78--177.02,172.9,Quintal,"15,756.41--16,360.26","16,058.33"
Rangpur,Thakurgaon,Thakurgaon Sadar,"Sadar Bazar, Thakurgaon",Sonali Chicken,2026,Kilogram,290.58--302.95,296.76,Quintal,"28,092.95--28,785.26","28,439.10"
Rangpur,Rangpur,Mithapukur,Mithapukur Bazar,Broiler chicken,2026,Kilogram,163.8--170.47,167.14,Quintal,"16,995.28--14,985.85","15,990.57"
Rangpur,Rangpur,Mithapukur,Mithapukur Bazar,Sonali Chicken,2026,Kilogram,315.71--324.48,320.09,Quintal,"38,139.62--30,004.72","34,072.17"
Rangpur,Rangpur,Rangpur City Corporation,"City Bazar, Rangpur",Farm-raised Hen,2025,Kilogram,165.62--170.8,168.21,Quintal,"13,781.02--13,983.94","13,882.48"
Rangpur,Rangpur,Rangpur City Corporation,"City Bazar, Rangpur",Sonali Chicken,2025,Kilogram,266.97--285.66,276.31,Quintal,"24,094.89--25,826.28","24,960.58"
Rangpur,Rangpur,Rangpur City Corporation,"City Bazar, Rangpur",Farm-raised Hen,2026,Kilogram,174.46--179.46,176.96,Quintal,"15,415.19--15,642.41","15,528.80"
Rangpur,Rangpur,Rangpur City Corporation,"City Bazar, Rangpur",Sonali Chicken,2026,Kilogram,286.39--309.94,298.16,Quintal,"26,373.42--28,487.34","27,430.38"
Rangpur,Kurigram,Kurigram Sadar,Sadar (Zia Bazar) Kurigram,Local Hen - Medium (700-850 gm),2025,Kilogram,455.29--468.16,461.73,Quintal,"43,687.5--44,738.97","44,213.24"
Rangpur,Kurigram,Kurigram Sadar,Sadar (Zia Bazar) Kurigram,Farm-raised Hen,2025,Kilogram,150.02--158.42,154.22,Quintal,"13,782.35--14,356.62","14,069.49"
Rangpur,Kurigram,Kurigram Sadar,Sadar (Zia Bazar) Kurigram,Local Hen - Medium (700-850 gm),2026,Kilogram,534.34--547.17,540.75,Quintal,"51,566.04--52,566.04","52,066.04"
Rangpur,Kurigram,Kurigram Sadar,Sadar (Zia Bazar) Kurigram,Farm-raised Hen,2026,Kilogram,166.98--175.25,171.12,Quintal,"15,686.79--16,242.77","15,964.78"
Rangpur,Kurigram,Kurigram Sadar,Sadar (Zia Bazar) Kurigram,Sonali Chicken,2026,Kilogram,309.62--319.62,314.62,Quintal,"29,038.46--30,038.46","29,538.46"
Rangpur,Kurigram,Nageshwari,Nageshwari Bazar,Local Hen - Medium (700-850 gm),2026,Kilogram,529.9--547.07,538.48,Quintal,"50,969.7--51,883.84","51,426.77"
Rangpur,Kurigram,Nageshwari,Nageshwari Bazar,Broiler chicken,2026,Kilogram,169.29--179.34,174.32,Quintal,"15,959.6--16,459.6","16,209.60"
Rangpur,Kurigram,Nageshwari,Nageshwari Bazar,Sonali Chicken,2026,Kilogram,303.57--321.79,312.68,Quintal,"29,178.57--30,178.57","29,678.57"
Mymensingh,Sherpur,Sherpur Sadar,Sherpur Sadar Bazar,Farm-raised Hen,2025,Kilogram,152.17--155,153.58,Quintal,"13,666.67--13,783.33","13,725"
Mymensingh,Sherpur,Sherpur Sadar,Sherpur Sadar Bazar,Broiler chicken,2025,Kilogram,164.26--169.15,166.7,Quintal,"15,021.51--15,281.18","15,151.34"
Mymensingh,Sherpur,Sherpur Sadar,Sherpur Sadar Bazar,Broiler chicken,2026,Kilogram,166.58--171.34,168.96,Quintal,"15,269.39--15,538.78","15,404.08"
Mymensingh,Sherpur,Sherpur Sadar,Sherpur Sadar Bazar,Sonali Chicken,2026,Kilogram,300--310,305,Quintal,"28,000--28,500","28,250"
Mymensingh,Mymensingh,Fulbaria,Fulbaria Bazar,Local Hen - Medium (700-850 gm),2026,Kilogram,516.97--526.67,521.82,Quintal,"48,924.24--50,045.45","49,484.85"
Mymensingh,Mymensingh,Fulbaria,Fulbaria Bazar,Broiler chicken,2026,Kilogram,159.55--168.33,163.94,Quintal,"14,063.64--14,203.03","14,133.33"
Mymensingh,Mymensingh,Fulbaria,Fulbaria Bazar,Sonali Chicken,2026,Kilogram,290--299.39,294.7,Quintal,"26,303.03--28,060.61","27,181.82"
Mymensingh,Mymensingh,Trishal,Trisal Bazar,Broiler chicken,2026,Kilogram,165.83--174.58,170.21,Quintal,"14,995.83--15,450","15,222.92"
Mymensingh,Mymensingh,Trishal,Trisal Bazar,Sonali Chicken,2026,Kilogram,307.17--323.7,315.43,Quintal,"33,619.57--34,913.04","34,266.30"
Mymensingh,Mymensingh,Trishal,Trisal Bazar,Local Hen - Small (500-650 gm),2026,Kilogram,549.23--559.23,554.23,Quintal,"51,461.54--52,461.54","51,961.54"
Mymensingh,Mymensingh,Mymensingh Sadar,"Mechua Bazar, Mymensingh",Local Hen - Medium (700-850 gm),2025,Kilogram,497.46--517.38,507.42,Quintal,"47,153.85--48,603.85","47,878.85"
Mymensingh,Mymensingh,Mymensingh Sadar,"Mechua Bazar, Mymensingh",Farm-raised Hen,2025,Kilogram,153.73--159.69,156.71,Quintal,"13,843.85--13,922.65","13,883.25"
Mymensingh,Mymensingh,Mymensingh Sadar,"Mechua Bazar, Mymensingh",Sonali Chicken,2025,Kilogram,288.88--300.38,294.63,Quintal,"26,923.08--27,269.62","27,096.35"
Mymensingh,Mymensingh,Mymensingh Sadar,"Mechua Bazar, Mymensingh",Local Hen - Medium (700-850 gm),2026,Kilogram,586.35--603.58,594.97,Quintal,"56,289.31--54,020.75","55,155.03"
Mymensingh,Mymensingh,Mymensingh Sadar,"Mechua Bazar, Mymensingh",Farm-raised Hen,2026,Kilogram,167.42--173.46,170.44,Quintal,"15,103.14--15,248.43","15,175.79"
Mymensingh,Mymensingh,Mymensingh Sadar,"Mechua Bazar, Mymensingh",Sonali Chicken,2026,Kilogram,308.49--322.2,315.35,Quintal,"27,667.99--30,097.48","28,882.74"
Mymensingh,Jamalpur,Jamalpur Sadar,Jamalpur Sadar Bazar,Local Hen - Medium (700-850 gm),2025,Kilogram,354.51--441.53,398.02,Quintal,"34,380.6--42,552.24","38,466.42"
Mymensingh,Jamalpur,Jamalpur Sadar,Jamalpur Sadar Bazar,Farm-raised Hen,2025,Kilogram,152.87--159.41,156.14,Quintal,"14,289.55--14,733.58","14,511.57"
Mymensingh,Jamalpur,Jamalpur Sadar,Jamalpur Sadar Bazar,Sonali Chicken,2025,Kilogram,261.38--287.05,274.22,Quintal,"24,884.33--24,353.06","24,618.69"
Mymensingh,Jamalpur,Jamalpur Sadar,Jamalpur Sadar Bazar,Local Hen - Medium (700-850 gm),2026,Kilogram,402.01--495.67,448.84,Quintal,"36,651.72--45,910.34","41,281.03"
Mymensingh,Jamalpur,Jamalpur Sadar,Jamalpur Sadar Bazar,Farm-raised Hen,2026,Kilogram,167.87--172.57,170.22,Quintal,"18,972.41--15,906.21","17,439.31"
Mymensingh,Jamalpur,Jamalpur Sadar,Jamalpur Sadar Bazar,Sonali Chicken,2026,Kilogram,"3,409.72--320.45","1,865.09",Quintal,"27,141.38--29,822.76","28,482.07"
Mymensingh,Netrokona,Mohongonj,Mohanganj Bazar,Broiler chicken,2026,Kilogram,166.74--172.33,169.54,Quintal,"15,110.83--15,506.25","15,308.54"
Mymensingh,Netrokona,Netrokona Sadar,"Pouro Super Market, Netrokona",Farm-raised Hen,2025,Kilogram,156.42--162.38,159.4,Quintal,"14,330.47--14,665.63","14,498.05"
Mymensingh,Netrokona,Netrokona Sadar,"Pouro Super Market, Netrokona",Farm-raised Hen,2026,Kilogram,166.8--172.3,169.55,Quintal,"15,238.85--15,545.32","15,392.09"
,,,,,,,,,,,
,,,,,,,,,,,
,,,,,,,,,,,
,,,,,,,,,,,
,,,,,,,,,,,
,,,,,,,,,,,
,,,,,,,,,,,
,,,,,,,,,,,
,,,,,,,,,,,
,,,,,,,,,,,
,,,,,,,,,,,
